City_ID,City,Country,Date,Lat,Lng,Max Temp,Humidity,Cloudiness,Wind Speed
0,Albany,US,2022-01-27 23:44:31,42.6001,-73.9662,23.67,57,92,4.52
1,Hermanus,ZA,2022-01-27 23:45:58,-34.4187,19.2345,65.8,80,12,2.93
2,Peniche,PT,2022-01-27 23:45:59,39.3558,-9.3811,54.88,62,1,10.47
3,Maceio,BR,2022-01-27 23:44:21,-9.6658,-35.7353,80.04,89,20,4.61
4,Saint-Paul,RE,2022-01-27 23:45:59,-21.0096,55.2707,73.51,78,30,2.24
5,Yellowknife,CA,2022-01-27 23:43:23,62.456,-114.3525,-1.68,84,75,2.3
6,Punta Arenas,CL,2022-01-27 23:46:00,-53.15,-70.9167,53.71,76,0,9.22
7,Bethel,US,2022-01-27 23:42:36,41.3712,-73.414,29.64,69,0,3.44
8,Ushuaia,AR,2022-01-27 23:41:20,-54.8,-68.3,51.42,76,75,16.11
9,Busselton,AU,2022-01-27 23:46:00,-33.65,115.3333,64.04,60,0,12.35
10,Saint George,US,2022-01-27 23:41:01,37.1041,-113.5841,57.67,15,0,15.99
11,Kaitangata,NZ,2022-01-27 23:46:01,-46.2817,169.8464,59.94,61,44,5.48
12,Arraial Do Cabo,BR,2022-01-27 23:46:01,-22.9661,-42.0278,80.56,73,0,8.05
13,Rikitea,PF,2022-01-27 23:46:01,-23.1203,-134.9692,78.73,75,84,17.45
14,Grand Gaube,MU,2022-01-27 23:46:02,-20.0064,57.6608,75.6,74,37,5.01
15,Nikolskoye,RU,2022-01-27 23:46:02,59.7035,30.7861,30.87,96,100,8.7
16,Mataura,NZ,2022-01-27 23:46:02,-46.1927,168.8643,63.48,30,53,1.39
17,Kruisfontein,ZA,2022-01-27 23:46:03,-34.0033,24.7314,64.89,83,100,7.23
18,Lincoln,US,2022-01-27 23:42:36,40.8,-96.667,40.44,77,100,7.0
19,San Carlos De Bariloche,AR,2022-01-27 23:46:04,-41.1456,-71.3082,83.95,24,20,5.75
20,New Norfolk,AU,2022-01-27 23:46:05,-42.7826,147.0587,88.66,44,44,1.99
21,Bredasdorp,ZA,2022-01-27 23:46:05,-34.5322,20.0403,65.52,77,1,6.91
22,Codrington,AU,2022-01-27 23:44:36,-38.2667,141.9667,68.85,83,52,6.04
23,Dicabisagan,PH,2022-01-27 23:46:05,17.0818,122.4157,77.5,86,57,2.15
24,Zomin,UZ,2022-01-27 23:46:06,39.9606,68.3958,40.55,29,100,1.5
25,Dicamay,PH,2022-01-27 23:46:06,16.7561,122.0037,75.6,81,18,0.83
26,Ibra,OM,2022-01-27 23:46:07,22.6906,58.5334,62.13,39,0,3.47
27,Wawa,NG,2022-01-27 23:46:07,9.9022,4.4192,75.4,24,2,6.87
28,Jamestown,US,2022-01-27 23:46:07,42.097,-79.2353,26.1,62,100,8.01
29,Fairbanks,US,2022-01-27 23:46:08,64.8378,-147.7164,-4.4,75,75,0.0
30,Puerto Ayora,EC,2022-01-27 23:46:08,-0.7393,-90.3518,74.52,80,93,7.9
31,Hithadhoo,MV,2022-01-27 23:46:08,-0.6,73.0833,81.07,69,99,14.2
32,Butaritari,KI,2022-01-27 23:46:09,3.0707,172.7902,82.27,77,37,15.12
33,Pangnirtung,CA,2022-01-27 23:46:09,66.1451,-65.7125,-11.2,58,100,2.3
34,Yar-Sale,RU,2022-01-27 23:46:09,66.8333,70.8333,1.27,98,100,6.46
35,Gigmoto,PH,2022-01-27 23:46:10,13.7796,124.39,80.87,74,77,8.39
36,Sindou,BF,2022-01-27 23:46:10,10.6667,-5.1667,75.49,16,9,3.89
37,Terney,RU,2022-01-27 23:46:10,45.0503,136.6092,11.05,68,5,9.37
38,Kargasok,RU,2022-01-27 23:46:11,59.0556,80.8572,-5.13,98,93,8.86
39,Safford,US,2022-01-27 23:46:11,32.834,-109.7076,64.53,17,1,8.05
40,Santa Rosa,PH,2022-01-27 23:46:11,14.3122,121.1114,83.08,77,64,8.81
41,Hobart,AU,2022-01-27 23:44:01,-42.8794,147.3294,89.02,53,40,9.22
42,Acapulco,MX,2022-01-27 23:41:35,16.8634,-99.8901,84.02,70,1,5.75
43,Praya,CV,2022-01-27 23:42:03,14.9215,-23.5087,70.34,68,75,21.85
44,Margate,GB,2022-01-27 23:46:12,51.3813,1.3862,42.75,84,24,3.0
45,Barrow,US,2022-01-27 23:46:12,71.2906,-156.7887,-14.78,76,0,10.36
46,Bluff,NZ,2022-01-27 23:46:13,-46.6,168.3333,63.81,58,74,6.31
47,Buala,SB,2022-01-27 23:47:13,-8.145,159.5921,79.25,86,100,3.85
48,Faya,SA,2022-01-27 23:47:14,18.3851,42.4509,52.32,86,33,0.98
49,Castro,BR,2022-01-27 23:47:14,-24.7911,-50.0119,65.64,93,100,0.98
50,Qaanaaq,GL,2022-01-27 23:47:14,77.484,-69.3632,-9.76,71,39,7.56
51,Hilo,US,2022-01-27 23:47:14,19.7297,-155.09,80.33,64,0,12.66
52,Mahebourg,MU,2022-01-27 23:47:15,-20.4081,57.7,75.49,83,40,3.44
53,Polis,CY,2022-01-27 23:47:15,35.0367,32.4264,44.42,85,8,0.96
54,Tasiilaq,GL,2022-01-27 23:47:15,65.6145,-37.6368,19.56,95,100,5.37
55,De-Kastri,RU,2022-01-27 23:47:16,51.4667,140.7833,1.96,93,100,3.56
56,Avarua,CK,2022-01-27 23:47:16,-21.2078,-159.775,84.25,79,49,17.27
57,Provideniya,RU,2022-01-27 23:47:17,64.3833,-173.3,-3.89,65,0,4.47
58,Chuy,UY,2022-01-27 23:47:17,-33.6971,-53.4616,65.88,67,62,7.61
59,Victoria,HK,2022-01-27 23:47:17,22.2855,114.1577,67.17,90,80,5.01
60,Kapaa,US,2022-01-27 23:47:18,22.0752,-159.319,80.47,64,0,1.01
61,Severo-Kurilsk,RU,2022-01-27 23:47:18,50.6789,156.125,24.89,86,95,37.47
62,Laguna,US,2022-01-27 23:47:18,38.421,-121.4238,66.7,46,0,1.99
63,Saskylakh,RU,2022-01-27 23:47:19,71.9167,114.0833,2.21,86,60,14.2
64,Camacha,PT,2022-01-27 23:47:19,33.0833,-16.3333,55.53,88,40,8.05
65,Leningradskiy,RU,2022-01-27 23:47:20,69.3833,178.4167,-17.99,94,37,2.33
66,Kahului,US,2022-01-27 23:45:58,20.8947,-156.47,80.96,63,20,11.5
67,East London,ZA,2022-01-27 23:47:20,-33.0153,27.9116,73.42,91,13,15.84
68,Carnarvon,AU,2022-01-27 23:47:20,-24.8667,113.6333,75.27,83,1,3.44
69,Bud,US,2022-01-27 23:47:21,39.447,-86.1758,33.24,82,100,6.85
70,Pangody,RU,2022-01-27 23:47:21,65.85,74.4859,10.11,93,100,14.63
71,Waipawa,NZ,2022-01-27 23:47:21,-41.4122,175.5153,62.92,49,70,7.56
72,Shenjiamen,CN,2022-01-27 23:47:22,29.9576,122.298,42.62,88,100,16.46
73,Hasaki,JP,2022-01-27 23:47:22,35.7333,140.8333,39.6,66,100,7.85
74,Mattru,SL,2022-01-27 23:47:22,7.6244,-11.8332,74.57,90,81,1.23
75,Strangnas,SE,2022-01-27 23:47:23,59.3774,17.0312,34.21,82,100,14.12
76,Cidreira,BR,2022-01-27 23:47:23,-30.1811,-50.2056,72.0,64,80,13.4
77,Mecca,SA,2022-01-27 23:47:23,21.4267,39.8261,61.99,51,3,9.33
78,Longyearbyen,SJ,2022-01-27 23:47:24,78.2186,15.6401,10.24,79,75,9.22
79,Gamba,GA,2022-01-27 23:47:24,-2.65,10.0,76.53,87,99,1.79
80,Belmonte,BR,2022-01-27 23:47:24,-15.8631,-38.8828,79.3,85,78,6.93
81,Saldanha,ZA,2022-01-27 23:47:25,-33.0117,17.9442,60.85,84,0,17.45
82,Luderitz,NA,2022-01-27 23:47:25,-26.6481,15.1594,67.3,75,0,21.7
83,Touros,BR,2022-01-27 23:47:26,-5.1989,-35.4608,77.9,77,83,8.93
84,Nurota,UZ,2022-01-27 23:47:26,40.5614,65.6886,44.69,22,100,7.63
85,Airai,TL,2022-01-27 23:47:26,-8.9266,125.4092,67.86,71,99,3.29
86,Panacan,PH,2022-01-27 23:47:26,9.2463,118.4082,80.47,81,100,3.29
87,Port Hardy,CA,2022-01-27 23:45:55,50.6996,-127.4199,49.75,61,20,13.8
88,Ucluelet,CA,2022-01-27 23:44:47,48.9329,-125.5528,47.08,86,57,4.0
89,Cumberland,US,2022-01-27 23:45:34,35.0502,-78.8664,40.57,44,0,3.44
90,Port Alfred,ZA,2022-01-27 23:47:27,-33.5906,26.891,71.46,89,77,14.38
91,Deep River,CA,2022-01-27 23:45:52,46.1001,-77.4995,22.95,81,100,9.82
92,Port Lincoln,AU,2022-01-27 23:47:27,-34.7333,135.8667,70.75,69,35,9.42
93,Thunder Bay,CA,2022-01-27 23:47:28,48.4001,-89.3168,4.98,53,0,9.22
94,Atuona,PF,2022-01-27 23:48:28,-9.8,-139.0333,78.24,77,3,17.36
95,Lagoa,PT,2022-01-27 23:48:29,39.05,-27.9833,59.11,74,22,16.42
96,Boa Vista,BR,2022-01-27 23:48:29,2.8197,-60.6733,87.78,48,40,6.91
97,Sitka,US,2022-01-27 23:46:17,57.0531,-135.33,44.49,65,90,14.97
98,Tiksi,RU,2022-01-27 23:48:30,71.6872,128.8694,-13.99,97,33,10.51
99,Vaini,TO,2022-01-27 23:48:30,-21.2,-175.2,82.8,77,73,15.52
100,Nelson Bay,AU,2022-01-27 23:48:30,-32.7167,152.15,82.96,58,5,3.0
101,Turochak,RU,2022-01-27 23:48:31,52.2576,87.1224,0.0,100,98,1.97
102,Rio Gallegos,AR,2022-01-27 23:45:08,-51.6226,-69.2181,60.28,58,30,12.5
103,Pisco,PE,2022-01-27 23:48:31,-13.7,-76.2167,69.85,73,0,25.32
104,Joshimath,IN,2022-01-27 23:48:31,30.5667,79.5667,28.49,37,0,10.25
105,Dikson,RU,2022-01-27 23:48:32,73.5069,80.5464,1.02,95,100,25.59
106,Karratha,AU,2022-01-27 23:48:32,-20.7377,116.8463,80.6,63,10,13.09
107,Norman Wells,CA,2022-01-27 23:48:32,65.282,-126.8329,-0.36,78,100,5.75
108,Singaparna,ID,2022-01-27 23:48:33,-7.3515,108.111,73.72,90,100,0.94
109,Veraval,IN,2022-01-27 23:48:33,20.9,70.3667,62.56,38,0,15.1
110,Bol,TD,2022-01-27 23:48:34,13.4586,14.7147,65.48,37,5,21.74
111,Turukhansk,RU,2022-01-27 23:48:34,65.8167,87.9833,-2.2,91,100,14.72
112,Jacareacanga,BR,2022-01-27 23:48:35,-6.2222,-57.7528,73.06,98,81,2.39
113,Nouadhibou,MR,2022-01-27 23:48:35,20.931,-17.0347,62.58,82,100,17.27
114,Coos Bay,US,2022-01-27 23:48:35,43.3665,-124.2179,54.32,80,0,6.91
115,Belyy Yar,RU,2022-01-27 23:48:36,53.6039,91.3903,-5.91,89,100,2.24
116,Batsfjord,NO,2022-01-27 23:48:36,70.6345,29.7185,24.73,89,100,5.17
117,Esperance,AU,2022-01-27 23:48:37,-33.8667,121.9,66.04,64,46,11.48
118,Chokurdakh,RU,2022-01-27 23:48:37,70.6333,147.9167,-23.84,92,75,10.38
119,Port Blair,IN,2022-01-27 23:48:37,11.6667,92.75,80.64,74,40,5.75
120,Kodiak,US,2022-01-27 23:48:38,57.79,-152.4072,36.91,87,90,12.66
121,Sorong,ID,2022-01-27 23:48:38,-0.8833,131.25,80.96,79,91,3.51
122,Thompson,CA,2022-01-27 23:48:38,55.7435,-97.8558,-9.24,70,75,6.91
123,Sao Miguel Do Araguaia,BR,2022-01-27 23:48:39,-13.275,-50.1628,70.84,94,52,5.39
124,Torbay,CA,2022-01-27 23:45:55,47.6666,-52.7314,21.58,89,100,9.22
125,Sadon,RU,2022-01-27 23:48:39,42.8518,44.0037,13.57,87,66,6.49
126,Tshela,CD,2022-01-27 23:48:40,-4.9833,12.9333,72.63,95,72,1.81
127,Kenai,US,2022-01-27 23:44:58,60.5544,-151.2583,29.03,96,100,17.27
128,Brownwood,US,2022-01-27 23:48:40,31.7093,-98.9912,56.52,55,0,6.91
129,Mar Del Plata,AR,2022-01-27 23:48:41,-38.0023,-57.5575,61.88,72,20,7.0
130,Alfredo Chaves,BR,2022-01-27 23:48:41,-20.635,-40.7497,78.62,87,16,5.17
131,Georgetown,MY,2022-01-27 23:45:13,5.4112,100.3354,78.89,90,20,5.01
132,Suleja,NG,2022-01-27 23:48:41,9.1758,7.1808,75.74,21,18,8.84
133,Avera,US,2022-01-27 23:48:42,33.194,-82.5271,45.72,42,5,5.37
134,Katherine,AU,2022-01-27 23:48:42,-14.4667,132.2667,80.92,78,75,8.05
135,Middletown,US,2022-01-27 23:45:08,39.5151,-84.3983,36.25,82,100,4.61
136,Uvinza,TZ,2022-01-27 23:49:43,-5.1036,30.3911,66.18,94,100,2.95
137,Tuktoyaktuk,CA,2022-01-27 23:49:43,69.4541,-133.0374,-20.2,76,20,8.05
138,Sola,VU,2022-01-27 23:49:43,-13.8833,167.55,81.1,78,100,16.51
139,Aksarka,RU,2022-01-27 23:49:44,66.5606,67.7975,-4.45,99,98,3.96
140,Geraldton,AU,2022-01-27 23:47:37,-28.7667,114.6,81.01,39,0,13.8
141,Cabo San Lucas,MX,2022-01-27 23:44:45,22.8909,-109.9124,76.6,49,20,8.05
142,Nhulunbuy,AU,2022-01-27 23:49:44,-12.2333,136.7667,84.81,79,40,12.66
143,Muzhi,RU,2022-01-27 23:49:44,65.3667,64.6667,-0.71,97,97,4.65
144,Yeppoon,AU,2022-01-27 23:49:45,-23.1333,150.7333,82.18,65,85,15.64
145,Anantapur,IN,2022-01-27 23:49:45,14.6833,77.6,66.11,81,32,6.62
146,Lavrentiya,RU,2022-01-27 23:49:45,65.5833,-171.0,-10.93,88,44,3.11
147,Planeta Rica,CO,2022-01-27 23:49:46,8.4147,-75.5883,83.44,85,85,10.94
148,Progreso,MX,2022-01-27 23:49:46,21.2833,-89.6667,77.11,74,13,12.37
149,Ilulissat,GL,2022-01-27 23:49:46,69.2167,-51.1,6.82,78,100,12.66
150,Cape Town,ZA,2022-01-27 23:44:47,-33.9258,18.4232,66.09,70,20,12.66
151,Faanui,PF,2022-01-27 23:49:47,-16.4833,-151.75,80.85,76,19,15.48
152,Talnakh,RU,2022-01-27 23:49:47,69.4865,88.3972,4.21,93,100,16.31
153,Atbasar,KZ,2022-01-27 23:49:47,51.8,68.3333,-0.63,96,100,4.45
154,Xushan,CN,2022-01-27 23:49:48,30.1764,121.2457,39.13,98,100,5.59
155,Coquimbo,CL,2022-01-27 23:49:48,-29.9533,-71.3436,64.13,82,20,10.36
156,Zhanaozen,KZ,2022-01-27 23:49:49,43.3,52.8,35.78,86,100,11.56
157,Humaita,BR,2022-01-27 23:49:49,-7.5061,-63.0208,74.64,97,71,2.86
158,Sterlibashevo,RU,2022-01-27 23:49:49,53.4376,55.2578,0.7,100,75,1.05
159,Takoradi,GH,2022-01-27 23:49:50,4.8845,-1.7554,78.3,85,34,5.14
160,Wronki,PL,2022-01-27 23:49:50,52.7105,16.3804,41.61,85,91,22.73
161,Ierapetra,GR,2022-01-27 23:49:50,35.01,25.7353,45.14,76,44,7.0
162,Haines Junction,CA,2022-01-27 23:49:51,60.7522,-137.5108,21.15,86,100,2.3
163,Husavik,IS,2022-01-27 23:49:51,66.0449,-17.3389,35.51,81,100,14.92
164,Khatanga,RU,2022-01-27 23:49:51,71.9667,102.5,5.49,77,97,16.64
165,Mende,FR,2022-01-27 23:49:52,44.6667,3.5,22.73,74,26,5.19
166,Pevek,RU,2022-01-27 23:49:52,69.7008,170.3133,-27.45,99,29,3.4
167,Kholm,RU,2022-01-27 23:49:52,59.2667,32.85,22.26,93,100,8.95
168,Meulaboh,ID,2022-01-27 23:49:52,4.1363,96.1285,75.67,91,88,4.29
169,Guozhen,CN,2022-01-27 23:49:53,34.3659,107.359,32.27,95,100,2.55
170,Kaitong,CN,2022-01-27 23:49:53,44.8135,123.15,-6.25,90,5,5.66
171,Karaton,ID,2022-01-27 23:49:53,-6.3424,106.1045,80.96,88,100,2.28
172,Aksehir,TR,2022-01-27 23:49:54,38.3575,31.4164,8.06,94,41,2.39
173,Lingao,CN,2022-01-27 23:49:54,19.9103,109.6859,68.05,92,10,9.35
174,Gunjur,GM,2022-01-27 23:49:55,13.2019,-16.7339,71.67,68,0,4.61
175,Abu Dhabi,AE,2022-01-27 23:49:55,24.4667,54.3667,65.97,83,0,1.14
176,Ishim,RU,2022-01-27 23:49:55,56.1128,69.4902,1.58,100,83,5.75
177,Hofn,IS,2022-01-27 23:49:56,64.2539,-15.2082,32.74,99,100,4.45
178,Zhigansk,RU,2022-01-27 23:49:56,66.7697,123.3711,-32.42,100,53,3.18
179,Asau,RO,2022-01-27 23:49:57,46.4333,26.4,34.72,89,95,7.92
180,Sao Joao Da Barra,BR,2022-01-27 23:50:57,-21.6403,-41.0511,76.39,88,4,17.09
181,Kirakira,SB,2022-01-27 23:50:57,-10.4544,161.9205,78.94,90,100,7.85
182,Hamilton,US,2022-01-27 23:50:06,39.1834,-84.5333,36.36,67,100,1.01
183,Norrtalje,SE,2022-01-27 23:50:58,59.758,18.705,33.73,86,100,15.9
184,Bubaque,GW,2022-01-27 23:50:58,11.2833,-15.8333,78.46,65,66,15.12
185,Mabopane,ZA,2022-01-27 23:50:58,-25.4977,28.1007,71.35,88,97,4.61
186,Lompoc,US,2022-01-27 23:48:26,34.6391,-120.4579,70.09,47,0,5.75
187,Lebu,CL,2022-01-27 23:48:33,-37.6167,-73.65,61.38,91,8,4.36
188,Skjervoy,NO,2022-01-27 23:50:59,70.0311,20.9714,31.84,80,100,10.4
189,Tual,ID,2022-01-27 23:50:59,-5.6667,132.75,84.16,72,96,8.84
190,Bamako,ML,2022-01-27 23:50:59,12.65,-8.0,75.61,20,18,6.91
191,Ponta Do Sol,PT,2022-01-27 23:51:00,32.6667,-17.1,59.0,78,50,4.92
192,North Branch,US,2022-01-27 23:51:00,45.5113,-92.9802,19.38,50,58,8.03
193,Jiuquan,CN,2022-01-27 23:51:00,39.7432,98.5174,17.89,46,52,3.47
194,Sault Sainte Marie,CA,2022-01-27 23:49:04,46.5168,-84.3333,15.89,64,0,11.5
195,Guerrero Negro,MX,2022-01-27 23:46:32,27.9769,-114.0611,69.21,31,57,10.11
196,Kampot,KH,2022-01-27 23:51:01,10.6167,104.1833,75.25,80,34,1.52
197,Srednekolymsk,RU,2022-01-27 23:51:01,67.45,153.6833,-35.12,98,90,4.36
198,Pacific Grove,US,2022-01-27 23:50:03,36.6177,-121.9166,70.57,69,0,5.01
199,Yabrud,SY,2022-01-27 23:51:01,33.9674,36.6574,28.06,74,29,3.36
200,Santa Maria,BR,2022-01-27 23:51:02,-29.6842,-53.8069,70.9,83,75,5.75
201,Goderich,CA,2022-01-27 23:46:52,43.7501,-81.7165,29.91,86,100,17.27
202,Ribeira Grande,PT,2022-01-27 23:51:02,38.5167,-28.7,59.4,72,20,12.66
203,Maumere,ID,2022-01-27 23:51:03,-8.6199,122.2111,80.94,81,100,2.08
204,Port Elizabeth,ZA,2022-01-27 23:46:14,-33.918,25.5701,68.29,88,0,8.05
205,Port Hawkesbury,CA,2022-01-27 23:51:03,45.6169,-61.3485,17.19,86,20,1.01
206,Florida Ridge,US,2022-01-27 23:51:03,27.5803,-80.3867,69.01,83,0,5.01
207,Tura,IN,2022-01-27 23:51:04,25.5198,90.2201,46.83,66,0,2.8
208,Flin Flon,CA,2022-01-27 23:51:04,54.7682,-101.865,1.24,66,100,3.44
209,Marrakesh,MA,2022-01-27 23:51:04,31.6315,-8.0083,57.27,58,40,6.91
210,Sa Kaeo,TH,2022-01-27 23:51:05,13.75,102.3333,75.42,74,6,5.39
211,Lucea,JM,2022-01-27 23:51:05,18.451,-78.1736,80.46,72,25,12.19
212,Roma,US,2022-01-27 23:48:32,43.2128,-75.4557,30.06,49,100,6.91
213,Guanica,PR,2022-01-27 23:51:05,17.9716,-66.908,78.91,69,50,6.89
214,Cay,TR,2022-01-27 23:51:06,38.5917,31.0286,10.76,94,54,2.8
215,Ust-Tsilma,RU,2022-01-27 23:51:06,65.441,52.1498,3.81,96,92,4.05
216,Santiago Del Estero,AR,2022-01-27 23:51:06,-27.7951,-64.2615,71.96,74,96,8.32
217,Ponta Delgada,PT,2022-01-27 23:51:07,37.7333,-25.6667,56.5,76,20,8.05
218,Virginia Beach,US,2022-01-27 23:51:07,36.8529,-75.978,35.62,67,0,3.44
219,Sultanpur,IN,2022-01-27 23:46:48,26.2667,82.0667,47.34,86,0,7.58
220,Dunedin,NZ,2022-01-27 23:48:42,-45.8742,170.5036,62.8,58,29,11.01
221,Paharpur,PK,2022-01-27 23:51:08,32.1038,70.9724,50.04,41,0,1.92
222,Solnechnyy,RU,2022-01-27 23:52:08,50.7214,136.6319,-4.25,96,100,1.52
223,Zwettl,AT,2022-01-27 23:52:08,48.6,15.1667,35.74,93,96,18.7
224,Gashua,NG,2022-01-27 23:52:09,12.871,11.0482,61.0,29,11,11.05
225,Sur,OM,2022-01-27 23:52:09,22.5667,59.5289,67.19,50,0,3.18
226,Ostrovnoy,RU,2022-01-27 23:52:09,68.0531,39.5131,18.43,89,100,10.42
227,Ambulu,ID,2022-01-27 23:52:10,-8.345,113.6058,78.82,87,100,1.68
228,Nanortalik,GL,2022-01-27 23:52:10,60.1432,-45.2371,12.88,76,60,10.96
229,Macas,EC,2022-01-27 23:52:10,-2.3167,-78.1167,76.75,73,75,2.3
230,Falakata,IN,2022-01-27 23:52:11,26.5208,89.2055,51.73,68,1,1.59
231,Katsuura,JP,2022-01-27 23:52:11,35.1333,140.3,45.19,97,100,9.01
232,Kailua,US,2022-01-27 23:52:11,21.4022,-157.7394,82.38,66,75,5.75
233,Poum,NC,2022-01-27 23:52:11,-20.2333,164.0167,83.25,74,17,16.46
234,Jussara,BR,2022-01-27 23:52:12,-23.6214,-52.4694,73.36,92,100,4.52
235,Kavieng,PG,2022-01-27 23:52:12,-2.5744,150.7967,85.17,65,81,5.59
236,Arman,RU,2022-01-27 23:52:13,59.7,150.1667,2.17,81,100,14.45
237,Upernavik,GL,2022-01-27 23:52:13,72.7868,-56.1549,0.81,95,67,25.21
238,Canarana,BR,2022-01-27 23:52:13,-11.6847,-41.7689,67.26,90,99,5.75
239,Hami,CN,2022-01-27 23:52:14,42.8,93.45,22.06,45,2,2.17
240,Phalaborwa,ZA,2022-01-27 23:47:17,-23.943,31.1411,74.48,87,91,3.83
241,Saint-Philippe,RE,2022-01-27 23:52:14,-21.3585,55.7679,72.99,83,73,8.61
242,Khon Buri,TH,2022-01-27 23:52:14,14.5254,102.2459,77.54,58,11,0.94
243,Zhigalovo,RU,2022-01-27 23:52:15,54.8097,105.1578,-22.58,100,95,0.72
244,Bang Saphan,TH,2022-01-27 23:52:15,11.2126,99.5117,73.35,91,45,2.93
245,Sao Jose Da Coroa Grande,BR,2022-01-27 23:52:15,-8.8978,-35.1478,78.55,81,86,5.7
246,Kenora,CA,2022-01-27 23:47:28,49.8167,-94.4337,0.79,60,20,6.91
247,Mankapur,IN,2022-01-27 23:52:16,27.0333,82.2333,47.41,87,0,7.4
248,Belaya Gora,RU,2022-01-27 23:52:16,68.5333,146.4167,-41.57,100,45,2.42
249,Tongchuan,CN,2022-01-27 23:52:16,35.0806,109.0897,26.31,82,99,4.45
250,Kosh-Agach,RU,2022-01-27 23:52:17,50.0,88.6667,-20.94,99,100,2.57
251,Bihoro,JP,2022-01-27 23:52:17,43.8228,144.1044,5.02,78,75,6.91
252,Aklavik,CA,2022-01-27 23:52:17,68.2191,-135.0107,-9.4,64,75,5.75
253,Coruripe,BR,2022-01-27 23:52:18,-10.1256,-36.1756,78.15,82,51,7.56
254,Sistranda,NO,2022-01-27 23:52:18,63.7256,8.834,37.36,51,100,31.74
255,Naze,JP,2022-01-27 23:52:18,28.3667,129.4833,59.92,80,92,9.28
256,Pimentel,PE,2022-01-27 23:52:18,-6.8367,-79.9342,73.69,73,100,18.41
257,Dawlatabad,AF,2022-01-27 23:52:19,36.4141,64.9053,46.87,50,97,7.74
258,Correntina,BR,2022-01-27 23:52:19,-13.3433,-44.6367,66.7,86,94,1.61
259,Wuzhou,CN,2022-01-27 23:52:20,23.4833,111.3167,54.39,78,41,3.6
260,Vanimo,PG,2022-01-27 23:52:20,-2.6741,141.3028,83.66,74,96,1.28
261,Cayenne,GF,2022-01-27 23:52:20,4.9333,-52.3333,73.44,94,75,0.0
262,Alofi,NU,2022-01-27 23:52:21,-19.0595,-169.9187,85.89,70,75,2.3
263,Ola,RU,2022-01-27 23:52:21,59.5833,151.2833,2.95,80,100,13.6
264,Beringovskiy,RU,2022-01-27 23:52:21,63.05,179.3167,5.74,95,100,3.53
265,Lagunillas,VE,2022-01-27 23:52:21,10.1301,-71.2595,81.39,63,9,9.48
266,Rafaela,AR,2022-01-27 23:52:22,-31.2503,-61.4867,72.05,57,98,1.99
267,Okha,RU,2022-01-27 23:53:22,53.5739,142.9478,-11.51,97,90,13.04
268,Kalur Kot,PK,2022-01-27 23:53:23,32.1564,71.2594,50.92,41,0,2.77
269,Labuan,MY,2022-01-27 23:53:23,5.2767,115.2417,75.56,94,20,0.0
270,Chatrapur,IN,2022-01-27 23:53:23,19.35,84.9833,62.01,53,10,7.29
271,Yatou,CN,2022-01-27 23:53:23,37.15,122.3833,29.44,51,80,14.83
272,Port Augusta,AU,2022-01-27 23:53:24,-32.5,137.7667,79.7,60,56,19.26
273,Dzaoudzi,YT,2022-01-27 23:53:24,-12.7887,45.2699,78.69,78,0,2.3
274,Encruzilhada Do Sul,BR,2022-01-27 23:48:39,-30.5439,-52.5219,63.36,68,47,8.95
275,Kirkwood,US,2022-01-27 23:53:24,38.5834,-90.4068,38.43,75,99,1.01
276,Aktas,KZ,2022-01-27 23:53:25,49.7789,72.9608,-2.45,94,15,4.68
277,Kavaratti,IN,2022-01-27 23:53:25,10.5669,72.642,78.87,72,57,10.6
278,Hobyo,SO,2022-01-27 23:53:25,5.3505,48.5268,75.97,71,100,19.37
279,Nadym,RU,2022-01-27 23:53:26,65.5333,72.5167,7.68,95,99,11.54
280,Maragogi,BR,2022-01-27 23:53:26,-9.0122,-35.2225,78.48,81,89,5.68
281,Abbeville,FR,2022-01-27 23:53:26,50.1,1.8333,43.29,92,44,4.14
282,Chapais,CA,2022-01-27 23:53:27,49.7834,-74.8492,6.58,95,100,10.54
283,Suhbaatar,MN,2022-01-27 23:53:27,50.2314,106.2078,-21.28,100,56,0.63
284,Praia Da Vitoria,PT,2022-01-27 23:53:27,38.7333,-27.0667,57.45,94,75,16.6
285,Olafsvik,IS,2022-01-27 23:53:28,64.8945,-23.7142,40.44,96,100,28.27
286,Oranjestad,AW,2022-01-27 23:53:28,12.524,-70.027,78.73,77,0,18.52
287,Brazzaville,CG,2022-01-27 23:53:28,-4.2658,15.2832,77.36,83,39,5.75
288,Adrar,MR,2022-01-27 23:53:29,20.5022,-10.0711,68.04,11,97,4.43
289,Zapolyarnyy,RU,2022-01-27 23:53:29,69.4154,30.8136,15.08,96,100,4.38
290,Berlevag,NO,2022-01-27 23:53:29,70.8578,29.0864,26.83,88,100,7.29
291,Oranjemund,NA,2022-01-27 23:53:29,-28.55,16.4333,64.69,87,53,16.35
292,Lewiston,US,2022-01-27 23:53:30,44.1003,-70.2148,26.31,65,100,4.61
293,Sinazongwe,ZM,2022-01-27 23:53:30,-17.2614,27.4618,72.37,84,92,4.09
294,Luwuk,ID,2022-01-27 23:53:30,-0.9516,122.7875,80.51,85,100,0.54
295,Lensk,RU,2022-01-27 23:53:31,60.7253,114.9278,-11.24,99,92,5.66
296,Iralaya,HN,2022-01-27 23:53:31,15.0,-83.2333,76.91,79,5,8.9
297,Longido,TZ,2022-01-27 23:53:31,-2.7333,36.6833,66.54,71,72,7.67
298,San Policarpo,PH,2022-01-27 23:53:32,12.1791,125.5072,80.92,82,98,8.1
299,San Cristobal,VE,2022-01-27 23:53:32,7.7669,-72.225,73.58,88,66,2.42
300,Vestmannaeyjar,IS,2022-01-27 23:52:18,63.4427,-20.2734,42.73,88,100,27.2
301,Tuatapere,NZ,2022-01-27 23:53:32,-46.1333,167.6833,63.82,41,78,4.72
302,Ahipara,NZ,2022-01-27 23:53:33,-35.1667,173.1667,75.16,51,5,12.06
303,Sirjan,IR,2022-01-27 23:53:33,29.452,55.6814,45.39,64,2,10.04
304,Yining,CN,2022-01-27 23:53:33,29.0361,114.5636,37.36,97,100,3.06
305,Agua Verde,MX,2022-01-27 23:53:34,22.9,-106.05,73.04,64,99,7.78
306,Muana,BR,2022-01-27 23:49:39,-1.5283,-49.2167,73.4,99,100,1.95
307,Zitiste,RS,2022-01-27 23:53:34,45.485,20.5497,34.11,94,68,4.81
308,Kariba,ZW,2022-01-27 23:53:34,-16.5167,28.8,68.81,93,71,4.52
309,Macultepec,MX,2022-01-27 23:53:35,18.1667,-92.8333,76.08,82,47,7.34
310,Tshikapa,CD,2022-01-27 23:53:35,-6.4167,20.8,68.83,90,76,0.78
311,Bamora,IN,2022-01-27 23:53:35,24.0552,78.0909,46.0,66,0,3.29
312,Chapleau,CA,2022-01-27 23:54:36,47.8405,-83.4034,-0.31,71,40,5.75
313,Santa Rosalia,MX,2022-01-27 23:54:36,27.3167,-112.2833,64.09,38,75,9.01
314,Narragansett,US,2022-01-27 23:54:37,41.4501,-71.4495,29.82,69,78,8.75
315,Bettiah,IN,2022-01-27 23:54:37,26.8,84.5,49.66,83,8,7.11
316,Vardo,NO,2022-01-27 23:54:37,70.3705,31.1107,26.69,89,100,9.04
317,Rudbar,AF,2022-01-27 23:54:38,30.15,62.6,52.66,28,0,7.29
318,Ancud,CL,2022-01-27 23:54:38,-41.8697,-73.8203,76.53,79,0,4.85
319,Lorengau,PG,2022-01-27 23:54:38,-2.0226,147.2712,84.58,69,63,5.75
320,Zyryanka,RU,2022-01-27 23:54:39,65.75,150.85,-29.85,96,100,5.48
321,Ploemeur,FR,2022-01-27 23:54:39,47.7333,-3.4333,48.81,93,100,3.44
322,Rawah,IQ,2022-01-27 23:54:39,34.4816,41.9093,42.67,74,31,8.39
323,Araouane,ML,2022-01-27 23:54:39,18.9048,-3.5265,65.95,16,70,11.59
324,Klaksvik,FO,2022-01-27 23:54:25,62.2266,-6.589,41.92,73,96,18.37
325,San Patricio,US,2022-01-27 23:54:40,28.017,-97.5169,63.28,70,100,9.15
326,Camocim,BR,2022-01-27 23:54:40,-2.9022,-40.8411,75.24,87,100,7.65
327,Novonikolayevskiy,RU,2022-01-27 23:54:40,50.9738,42.3649,4.42,100,91,3.85
328,Lillehammer,NO,2022-01-27 23:54:41,61.1146,10.4674,36.32,79,99,7.4
329,Riachao Do Jacuipe,BR,2022-01-27 23:54:41,-11.8069,-39.3856,75.67,80,94,9.35
330,Lanzhot,CZ,2022-01-27 23:54:41,48.7244,16.9669,39.7,77,100,14.2
331,Abu Kamal,SY,2022-01-27 23:54:42,34.4506,40.9171,42.57,70,5,8.84
332,Fortuna,US,2022-01-27 23:54:42,40.5982,-124.1573,59.94,66,0,1.01
333,Barwadih,IN,2022-01-27 23:54:42,23.8333,84.1167,44.98,78,0,4.32
334,Yashkul,RU,2022-01-27 23:54:43,46.1711,45.3435,26.53,82,82,11.88
335,Morlaix,FR,2022-01-27 23:54:43,48.5833,-4.0,50.32,100,100,3.44
336,Knysna,ZA,2022-01-27 23:54:43,-34.0363,23.0471,68.38,75,99,5.03
337,Muros,ES,2022-01-27 23:54:44,42.7762,-9.0603,46.09,80,1,10.67
338,Tutoia,BR,2022-01-27 23:54:27,-2.7619,-42.2744,80.58,87,100,9.84
339,Salinopolis,BR,2022-01-27 23:54:44,-0.6136,-47.3561,74.44,95,100,12.75
340,Mayor Pablo Lagerenza,PY,2022-01-27 23:54:44,-19.9309,-60.7718,78.17,80,68,7.61
341,Ginir,ET,2022-01-27 23:54:45,7.1333,40.7,57.04,30,68,5.01
342,Cooma,AU,2022-01-27 23:54:45,-36.2333,149.1333,78.57,65,40,12.66
343,Mujiayingzi,CN,2022-01-27 23:54:45,42.1167,118.7833,7.54,55,0,6.8
344,Flinders,AU,2022-01-27 23:54:46,-34.5833,150.8552,84.06,67,11,7.0
345,Padang,ID,2022-01-27 23:54:46,-0.9492,100.3543,77.05,86,100,4.05
346,Codajas,BR,2022-01-27 23:54:46,-3.8367,-62.0569,73.96,98,74,2.3
347,Basoko,CD,2022-01-27 23:54:46,1.2391,23.616,73.53,61,88,1.48
348,Pokaran,IN,2022-01-27 23:54:47,26.9167,71.9167,54.95,24,0,2.86
349,Khuzhir,RU,2022-01-27 23:54:47,53.1939,107.3397,-1.61,96,80,2.77
350,Salalah,OM,2022-01-27 23:49:50,17.0151,54.0924,71.69,68,40,6.91
351,Isangel,VU,2022-01-27 23:54:47,-19.55,169.2667,86.11,79,75,8.05
352,Grand Forks,US,2022-01-27 23:50:45,47.9417,-97.4337,3.13,71,20,5.75
353,Stephenville,US,2022-01-27 23:52:49,32.2207,-98.2023,51.67,57,100,6.91
354,Santa Isabel Do Rio Negro,BR,2022-01-27 23:54:48,-0.4139,-65.0192,74.34,97,53,1.66
355,Zhezkazgan,KZ,2022-01-27 23:54:48,47.8043,67.7144,6.48,83,100,10.31
356,Havre-Saint-Pierre,CA,2022-01-27 23:54:49,50.2334,-63.5986,17.6,73,75,9.22
357,Vila Velha,BR,2022-01-27 23:54:49,-20.3297,-40.2925,78.94,84,0,10.0
358,Makakilo City,US,2022-01-27 23:54:49,21.3469,-158.0858,79.61,54,100,0.0
359,Port Shepstone,ZA,2022-01-27 23:55:50,-30.7414,30.455,76.46,83,75,16.58
360,Rincon De La Victoria,ES,2022-01-27 23:55:50,36.7172,-4.2758,58.08,65,8,5.44
361,Barra Dos Coqueiros,BR,2022-01-27 23:55:50,-10.9089,-37.0386,80.62,83,20,9.22
362,Arlit,NE,2022-01-27 23:55:50,18.7369,7.3853,59.49,25,46,7.58
363,Alappuzha,IN,2022-01-27 23:55:51,9.49,76.3264,75.07,81,68,5.5
364,Tula,RU,2022-01-27 23:54:58,54.2044,37.6111,11.52,93,84,11.21
365,Churapcha,RU,2022-01-27 23:55:36,62.0025,132.4325,-47.79,100,68,3.71
366,Kismayo,SO,2022-01-27 23:55:51,-0.3582,42.5454,75.92,83,39,9.78
367,Mount Isa,AU,2022-01-27 23:55:51,-20.7333,139.5,82.17,69,40,8.05
368,Yaring,TH,2022-01-27 23:55:52,6.8662,101.3689,75.04,86,74,6.87
369,Syracuse,IT,2022-01-27 23:55:52,37.0881,15.2792,47.62,71,13,6.8
370,Qandala,SO,2022-01-27 23:55:52,11.472,49.8728,71.85,71,100,4.72
371,Yei,SS,2022-01-27 23:55:53,4.095,30.6779,71.22,37,57,0.65
372,Ust-Tarka,RU,2022-01-27 23:55:53,55.5672,75.705,1.94,94,93,6.85
373,Hambantota,LK,2022-01-27 23:51:56,6.1241,81.1185,72.72,76,87,9.46
374,Lengshuitan,CN,2022-01-27 23:55:53,26.4111,111.5956,36.59,93,100,7.76
375,Shahr-E Kord,IR,2022-01-27 23:55:54,32.3256,50.8644,31.77,59,20,13.8
376,Quatre Cocos,MU,2022-01-27 23:55:54,-20.2078,57.7625,75.31,68,70,9.44
377,Salmo,CA,2022-01-27 23:55:54,49.1999,-117.2689,32.49,81,77,1.19
378,Lasa,IT,2022-01-27 23:54:44,46.6166,10.7002,44.06,55,47,7.85
379,Yershov,RU,2022-01-27 23:55:55,51.3513,48.2766,17.67,92,100,6.08
380,Magadan,RU,2022-01-27 23:55:55,59.5667,150.8,4.33,78,100,11.74
381,Buraydah,SA,2022-01-27 23:54:51,26.326,43.975,48.65,31,76,10.31
382,Iqaluit,CA,2022-01-27 23:55:55,63.7506,-68.5145,-9.31,76,100,2.3
383,Pakenham,AU,2022-01-27 23:55:56,-38.0667,145.4833,90.79,56,40,5.99
384,Tarko-Sale,RU,2022-01-27 23:55:56,64.9225,77.785,5.18,91,100,19.19
385,Strezhevoy,RU,2022-01-27 23:55:56,60.7333,77.5889,6.78,95,100,10.11
386,Nemuro,JP,2022-01-27 23:55:57,43.3236,145.575,5.43,70,46,9.84
387,Marienburg,PL,2022-01-27 23:55:57,54.0359,19.0266,40.95,89,97,19.77
388,Sirtich,RU,2022-01-27 23:55:57,41.8321,48.228,32.2,94,100,1.12
389,College,US,2022-01-27 23:55:58,64.8569,-147.8028,-4.41,78,75,0.0
390,Marzuq,YE,2022-01-27 23:55:58,14.4,46.4667,60.44,73,72,3.2
391,Mandalgovi,MN,2022-01-27 23:55:58,45.7625,106.2708,0.3,70,0,0.6
392,Elat,IL,2022-01-27 23:55:59,29.5581,34.9482,51.64,54,0,0.0
393,Matara,LK,2022-01-27 23:52:20,5.9485,80.5353,71.37,85,88,7.25
394,Inirida,CO,2022-01-27 23:55:59,3.8653,-67.9239,79.16,76,100,0.63
395,Nuuk,GL,2022-01-27 23:55:59,64.1835,-51.7216,0.95,80,98,8.46
396,Obo,CF,2022-01-27 23:56:00,5.3998,26.4869,73.13,21,87,7.65
397,Sunbury,AU,2022-01-27 23:56:00,-37.5833,144.7333,89.13,57,40,3.0
398,Opuwo,NA,2022-01-27 23:56:00,-18.0607,13.84,73.42,63,96,6.35
399,Nyurba,RU,2022-01-27 23:53:42,63.2842,118.3319,-9.8,94,40,5.97
400,Wau,SS,2022-01-27 23:56:01,7.7029,27.9953,73.27,20,65,7.78
401,Constitucion,CL,2022-01-27 23:56:01,-35.3333,-72.4167,60.08,94,19,5.3
402,Huarmey,PE,2022-01-27 23:56:02,-10.0681,-78.1522,71.76,83,99,8.46
403,Portland,US,2022-01-27 23:53:09,45.5234,-122.6762,52.79,59,13,3.0
404,Bengkulu,ID,2022-01-27 23:53:10,-3.8004,102.2655,76.64,85,99,3.11
405,Katangli,RU,2022-01-27 23:57:02,51.7102,143.2326,-10.59,96,58,6.29
406,Mangaluru,IN,2022-01-27 23:57:02,12.8667,74.8833,74.26,83,20,0.0
407,Antalaha,MG,2022-01-27 23:57:03,-14.9003,50.2788,72.97,83,10,6.87
408,Palembang,ID,2022-01-27 23:57:03,-2.9167,104.7458,75.29,94,20,4.61
409,Bathsheba,BB,2022-01-27 23:55:34,13.2167,-59.5167,75.81,69,20,8.05
410,Hirara,JP,2022-01-27 23:57:03,24.8,125.2833,70.07,83,75,10.36
411,Kamenka,RU,2022-01-27 23:57:04,51.3223,42.7678,10.71,98,92,3.62
412,Vikulovo,RU,2022-01-27 23:57:04,56.8167,70.6107,1.42,99,70,6.82
413,Ekibastuz,KZ,2022-01-27 23:57:04,51.6667,75.3667,3.96,87,12,6.67
414,Maarianhamina,AX,2022-01-27 23:57:05,60.0973,19.9348,33.66,86,100,13.8
415,Brownsville,US,2022-01-27 23:55:09,25.9018,-97.4975,66.02,86,100,1.99
416,Dalvik,IS,2022-01-27 23:57:05,65.9702,-18.5286,35.53,86,100,11.34
417,Kupang,ID,2022-01-27 23:57:05,-10.1667,123.5833,82.98,89,100,12.66
418,Aruppukkottai,IN,2022-01-27 23:57:06,9.5167,78.1,71.06,82,65,7.34
419,Clyde River,CA,2022-01-27 23:54:44,70.4692,-68.5914,-7.37,84,100,23.02
420,Celestun,MX,2022-01-27 23:57:06,20.8667,-90.4,74.35,75,48,13.76
421,Yulara,AU,2022-01-27 23:57:07,-25.2406,130.9889,78.64,83,100,8.05
422,Melfi,IT,2022-01-27 23:57:07,40.9965,15.6514,36.5,86,82,7.87
423,Voznesenye,RU,2022-01-27 23:57:07,61.0106,35.4781,19.42,95,100,7.99
424,Mezen,RU,2022-01-27 23:57:07,65.8522,44.24,10.33,95,100,6.96
425,Havoysund,NO,2022-01-27 23:57:08,70.9963,24.6622,23.88,83,100,15.59
426,Key West,US,2022-01-27 23:55:23,24.5557,-81.7826,73.0,85,92,14.43
427,Kedougou,SN,2022-01-27 23:57:08,12.5579,-12.1743,80.06,14,41,2.35
428,Narsaq,GL,2022-01-27 23:57:08,60.9167,-46.05,-0.9,90,12,6.67
429,Lerwick,GB,2022-01-27 23:57:09,60.1545,-1.1494,41.0,68,57,9.82
430,Bloemfontein,ZA,2022-01-27 23:57:09,-29.1211,26.214,65.68,77,22,2.3
431,Bantigue,PH,2022-01-27 23:57:10,10.9899,124.6225,79.75,82,79,2.86
432,Newport,GB,2022-01-27 23:57:10,51.5877,-2.9984,41.83,90,11,3.85
433,Morros,BR,2022-01-27 23:57:10,-9.4467,-46.3003,71.26,86,100,2.3
434,Ukiah,US,2022-01-27 23:57:10,39.1502,-123.2078,67.66,29,0,1.5
435,Biak,ID,2022-01-27 23:57:11,-0.9131,122.8766,78.35,82,100,1.07
436,Zhob,PK,2022-01-27 23:57:11,31.3411,69.4481,41.2,37,3,2.08
437,Filadelfia,US,2022-01-27 23:53:47,39.9523,-75.1638,30.22,51,16,1.99
438,Atar,MR,2022-01-27 23:57:12,20.5169,-13.0499,65.93,36,100,5.37
439,Atambua,ID,2022-01-27 23:57:12,-9.1061,124.8925,77.27,81,100,1.86
440,Capao Da Canoa,BR,2022-01-27 23:57:12,-29.7456,-50.0097,72.91,61,93,10.98
441,Kristiansund,NO,2022-01-27 23:57:13,63.1115,7.732,38.05,48,100,18.41
442,Ishkhoy-Yurt,RU,2022-01-27 23:57:13,43.2133,46.3903,29.61,97,99,8.86
443,Ixtapa,MX,2022-01-27 23:56:47,20.7,-105.2,74.23,84,75,5.99
444,Cheremshanka,RU,2022-01-27 23:57:13,56.1192,60.268,4.46,97,93,4.81
445,Kerman,IR,2022-01-27 23:57:14,30.2832,57.0788,48.06,40,0,4.61
446,Dibai,IN,2022-01-27 23:57:14,28.2167,78.25,44.01,62,0,8.28
447,Dahra,DZ,2022-01-27 23:57:14,36.2546,0.8519,47.59,51,89,7.38
448,Rocha,UY,2022-01-27 23:57:15,-34.4833,-54.3333,63.99,66,46,5.48
449,Northam,GB,2022-01-27 23:57:15,51.0333,-4.2167,43.72,85,8,1.12
450,Richards Bay,ZA,2022-01-27 23:57:15,-28.783,32.0377,76.77,83,3,15.3
451,Gornopravdinsk,RU,2022-01-27 23:58:15,60.05,69.9,9.63,95,100,7.54
452,Kamaishi,JP,2022-01-27 23:58:16,39.2667,141.8833,16.75,48,4,4.97
453,Muyezerskiy,RU,2022-01-27 23:58:16,63.9333,31.65,15.42,97,100,3.71
454,Santa Marta,CO,2022-01-27 23:56:22,11.2408,-74.199,87.35,60,20,18.01
455,Kyshtovka,RU,2022-01-27 23:58:16,56.555,76.6271,3.13,95,99,7.9
456,Valuyki,RU,2022-01-27 23:58:17,50.2035,38.1067,-3.14,100,100,4.47
457,Stonewall,CA,2022-01-27 23:58:17,50.1344,-97.3268,-0.72,96,69,5.86
458,Shahrud,IR,2022-01-27 23:58:18,36.4182,54.9763,34.23,76,20,7.83
459,Duluth,US,2022-01-27 23:57:34,46.7833,-92.1066,13.41,44,0,11.5
460,Bayir,TR,2022-01-27 23:58:18,37.2687,28.2167,32.52,79,1,4.52
461,Abnub,EG,2022-01-27 23:58:18,27.2696,31.1511,43.02,58,3,6.24
462,Lere,NG,2022-01-27 23:58:19,10.387,8.5726,64.69,30,25,8.55
463,Iquique,CL,2022-01-27 23:57:48,-20.2208,-70.1431,69.84,78,70,3.94
464,Baniachang,BD,2022-01-27 23:58:19,24.5167,91.3667,53.62,53,0,3.74
465,Lubango,AO,2022-01-27 23:58:19,-14.9172,13.4925,60.42,92,100,3.11
466,Hovd,MN,2022-01-27 23:58:20,48.0056,91.6419,-4.31,90,100,2.64
467,Caravelas,BR,2022-01-27 23:55:43,-17.7125,-39.2481,76.08,87,2,5.41
468,San Francisco,US,2022-01-27 23:57:03,37.7749,-122.4194,68.94,33,0,1.99
469,Sosnogorsk,RU,2022-01-27 23:58:20,63.6023,53.8817,1.54,97,97,5.14
470,Mountain Home,US,2022-01-27 23:58:21,43.133,-115.6912,29.8,89,6,4.05
471,North Bend,US,2022-01-27 23:58:21,43.4065,-124.2243,56.12,90,0,2.59
472,Sinnamary,GF,2022-01-27 23:58:21,5.3833,-52.95,76.05,84,59,8.79
473,Chakwal,PK,2022-01-27 23:58:22,32.9334,72.8585,42.42,39,0,6.2
474,Olinda,BR,2022-01-27 23:53:28,-8.0089,-34.8553,82.13,74,0,4.61
475,Naruto,JP,2022-01-27 23:58:22,34.1833,134.6167,45.37,75,75,9.22
476,Kapoeta,SS,2022-01-27 23:58:22,4.7717,33.5903,79.74,27,32,3.31
477,Cheremukhovo,RU,2022-01-27 23:58:23,60.3484,59.9851,-1.3,96,98,3.2
478,Chimoio,MZ,2022-01-27 23:58:23,-19.1164,33.4833,71.46,100,75,1.34
479,Sisimiut,GL,2022-01-27 23:58:23,66.9395,-53.6735,5.31,81,100,12.68
480,Lakes Entrance,AU,2022-01-27 23:58:24,-37.8811,147.981,94.15,52,17,1.16
481,Quartucciu,IT,2022-01-27 23:58:24,39.2519,9.1794,48.0,66,0,3.44
482,Porosozero,RU,2022-01-27 23:58:25,62.7191,32.727,16.16,96,100,4.72
483,Alta Floresta,BR,2022-01-27 23:56:55,-9.8756,-56.0861,69.1,98,100,1.43
484,Shache,CN,2022-01-27 23:58:25,38.4167,77.2406,21.18,53,7,0.56
485,Shelburne,CA,2022-01-27 23:58:25,44.0787,-80.2041,21.18,92,99,14.07
486,Jinji,CN,2022-01-27 23:58:26,23.2281,110.8261,55.47,80,23,4.23
487,Komsomolskiy,UZ,2022-01-27 23:58:26,40.4272,71.7189,27.82,68,66,6.91
488,Chama,CH,2022-01-27 23:58:26,47.1821,8.4636,35.96,89,70,3.65
489,Leua,SK,2022-01-27 23:58:26,48.2156,18.6071,37.44,94,99,11.59
490,Cherskiy,RU,2022-01-27 23:58:27,68.75,161.3,-36.33,96,54,1.92
491,Namibe,AO,2022-01-27 23:55:06,-15.1961,12.1522,74.55,83,100,4.74
492,Ewa Beach,US,2022-01-27 23:55:11,21.3156,-158.0072,81.01,53,100,8.99
493,Sao Mateus,BR,2022-01-27 23:58:27,-18.7161,-39.8589,75.9,89,9,7.49
494,Victor Harbor,AU,2022-01-27 23:58:28,-35.5667,138.6167,77.79,76,37,3.0
495,Shingu,JP,2022-01-27 23:54:40,33.7333,135.9833,45.59,60,80,4.88
496,San Andres,CO,2022-01-27 23:59:28,12.5847,-81.7006,82.42,69,20,11.5
497,Bowen,AU,2022-01-27 23:59:28,-20.0167,148.2333,80.82,76,100,19.15
498,Morant Bay,JM,2022-01-27 23:59:29,17.8815,-76.4093,80.22,81,31,5.19
499,Listvyanka,RU,2022-01-27 23:59:29,51.8535,104.8693,-11.52,98,97,2.93
500,Paamiut,GL,2022-01-27 23:58:07,61.994,-49.6678,2.62,88,57,10.63
501,Borovskoy,KZ,2022-01-27 23:59:29,53.8,64.15,10.96,98,100,4.29
502,Sao Filipe,CV,2022-01-27 23:59:30,14.8961,-24.4956,72.05,72,99,15.32
503,Porto Walter,BR,2022-01-27 23:59:30,-8.2686,-72.7439,75.22,91,100,3.53
504,Nago,JP,2022-01-27 23:59:30,26.5881,127.9761,66.36,80,84,8.88
505,Adamas,GR,2022-01-27 23:59:31,36.7333,24.4333,49.3,49,10,6.24
506,Bojnurd,IR,2022-01-27 23:59:31,37.4747,57.329,37.35,87,100,16.11
507,Oussouye,SN,2022-01-27 23:59:31,12.485,-16.5469,73.58,65,8,5.93
508,Skibbereen,IE,2022-01-27 23:59:32,51.55,-9.2667,42.6,90,84,4.97
509,Ligayan,PH,2022-01-27 23:59:32,4.6533,119.4706,82.83,74,62,9.8
510,Ifanadiana,MG,2022-01-27 23:59:32,-21.3,47.6333,65.95,97,97,0.38
511,Bandarbeyla,SO,2022-01-27 23:59:33,9.4942,50.8122,74.26,66,100,19.73
512,Nsanje,MW,2022-01-27 23:59:33,-16.92,35.262,74.17,98,100,3.27
513,Zakamensk,RU,2022-01-27 23:59:33,50.3741,103.2863,-12.66,99,45,1.43
514,Nanakuli,US,2022-01-27 23:59:33,21.3906,-158.1547,80.04,60,100,0.0
515,Whitehorse,CA,2022-01-27 23:56:02,60.7161,-135.0538,29.17,76,100,21.0
516,Jiaohe,CN,2022-01-27 23:59:34,43.7286,127.3447,-0.9,99,95,3.58
517,Paraiso,CR,2022-01-27 23:59:34,9.8383,-83.8656,68.86,93,27,3.47
518,Port Macquarie,AU,2022-01-27 23:57:48,-31.4333,152.9167,81.9,59,75,7.78
519,Kununurra,AU,2022-01-27 23:59:34,-15.7667,128.7333,82.38,83,100,6.91
520,Pilar,BR,2022-01-27 23:59:35,-9.5972,-35.9567,78.73,87,77,3.47
521,Qaqortoq,GL,2022-01-27 23:57:03,60.7167,-46.0333,0.75,88,16,5.23
522,Kitami,JP,2022-01-27 23:59:35,43.8031,143.8908,4.46,86,76,1.34
523,Talara,PE,2022-01-27 23:59:36,-4.5772,-81.2719,71.76,84,26,8.55
524,Fort Nelson,CA,2022-01-27 23:59:36,58.8053,-122.7002,22.59,93,100,3.44
525,San Francisco Del Mar,MX,2022-01-27 23:59:36,16.2333,-94.65,79.5,68,0,26.15
526,Funadhoo,MV,2022-01-27 23:59:37,6.15,73.2667,79.3,60,21,10.54
527,Olga,RU,2022-01-27 23:59:37,43.7444,135.2892,13.6,55,1,9.75
528,Dekernes,EG,2022-01-27 23:59:37,31.0876,31.595,46.29,92,42,7.38
529,Mubi,NG,2022-01-27 23:59:38,10.2676,13.2644,63.07,33,84,4.52
530,Tecpan,GT,2022-01-27 23:59:38,14.7623,-90.9947,66.96,70,53,3.51
531,Aasiaat,GL,2022-01-27 23:59:38,68.7098,-52.8699,-0.96,92,99,10.38
532,Oktyabrskiy,RU,2022-01-27 23:59:39,54.4815,53.471,-0.83,100,94,3.85
533,Vao,NC,2022-01-27 23:59:39,-22.6667,167.4833,79.61,82,68,16.55
534,Alice Springs,AU,2022-01-27 23:59:39,-23.7,133.8833,83.75,58,85,10.36
535,Luanda,AO,2022-01-27 23:56:31,-8.8368,13.2343,77.77,85,100,6.96
536,Muroto,JP,2022-01-27 23:59:40,33.2833,134.15,46.44,61,69,5.88
537,Grand-Santi,GF,2022-01-27 23:59:40,4.25,-54.3833,71.24,99,31,2.62
538,Udachnyy,RU,2022-01-27 23:59:40,66.4167,112.4,-19.73,96,40,4.32
539,Jijiga,ET,2022-01-28 00:00:41,9.35,42.8,57.09,41,73,11.32
540,Esterhazy,CA,2022-01-28 00:00:41,50.65,-102.0843,-1.01,88,62,7.16
541,Zermatt,CH,2022-01-28 00:00:41,46.0213,7.7491,28.29,31,33,8.28
542,Mount Gambier,AU,2022-01-28 00:00:42,-37.8333,140.7667,69.71,73,100,10.36
543,West Wendover,US,2022-01-27 23:58:42,40.7391,-114.0733,35.04,30,0,4.47
544,Bereda,ES,2022-01-28 00:00:42,43.2686,-7.5406,46.92,96,83,4.32
545,Yambio,SS,2022-01-28 00:00:42,4.5721,28.3955,71.28,31,100,3.83
546,Palmerston,AU,2022-01-28 00:00:43,-12.486,130.9833,86.04,81,75,9.22
547,Yarmouth,US,2022-01-27 23:59:24,41.7057,-70.2286,28.98,68,83,3.0
548,Yurimaguas,PE,2022-01-28 00:00:43,-5.9,-76.0833,81.52,71,99,2.15
549,Neiafu,TO,2022-01-28 00:00:44,-18.65,-173.9833,83.79,76,67,19.64
550,Itaporanga,BR,2022-01-28 00:00:44,-7.3044,-38.1503,75.16,75,100,4.68
551,Calabozo,VE,2022-01-28 00:00:44,8.9242,-67.4293,85.37,37,57,6.44
552,Imeni Poliny Osipenko,RU,2022-01-28 00:00:45,52.4201,136.4853,-3.33,98,100,3.11
553,Taoudenni,ML,2022-01-28 00:00:45,22.6783,-3.9836,69.22,17,97,12.39
554,Bac Lieu,VN,2022-01-28 00:00:45,9.285,105.7244,75.99,82,98,4.59
555,Kaeo,NZ,2022-01-27 23:59:31,-35.1,173.7833,74.32,70,73,15.32
556,Sechura,PE,2022-01-28 00:00:46,-5.5569,-80.8222,74.1,73,56,13.82
557,Gonzalez,US,2022-01-28 00:00:46,30.5816,-87.2914,55.54,83,11,1.72
558,Mushie,CD,2022-01-27 23:59:11,-3.0167,16.9,72.54,64,36,3.0
559,Deputatskiy,RU,2022-01-27 23:58:29,69.3,139.9,-22.09,97,61,3.94
560,Dunmore East,IE,2022-01-28 00:00:47,52.1514,-6.9861,42.69,74,66,5.95
561,Tigil,RU,2022-01-28 00:00:47,57.8,158.6667,4.64,95,98,1.43
562,Havelock,US,2022-01-28 00:00:48,34.8791,-76.9013,40.95,71,39,6.02
563,Kaoma,ZM,2022-01-28 00:00:48,-14.7833,24.8,63.73,97,100,4.34
564,Hervey Bay,AU,2022-01-28 00:00:48,-25.2986,152.8535,86.04,70,85,8.99
565,Lashio,MM,2022-01-28 00:00:49,22.9333,97.75,49.73,98,9,0.67
566,Maba,CN,2022-01-28 00:00:49,24.6841,113.5984,52.9,73,98,4.34
