City_ID,City,Lat,Lng,Max Temp,Humidity,Cloudiness,Wind Speed,Country,Date,Current Description
0,Bredasdorp,-34.5322,20.0403,60.28,82,89,4.61,ZA,2022-01-29 00:54:08,overcast clouds
1,Hobart,-42.8794,147.3294,68.27,78,75,13.8,AU,2022-01-29 00:52:51,broken clouds
2,Constitucion,-35.3333,-72.4167,57.36,92,3,5.68,CL,2022-01-29 00:54:08,clear sky
3,Punta Arenas,-53.15,-70.9167,68.11,22,0,8.05,CL,2022-01-29 00:54:09,clear sky
4,Gazli,40.1333,63.45,34.74,75,45,11.68,UZ,2022-01-29 00:54:09,scattered clouds
5,Kotelnikovo,47.6317,43.1461,29.34,97,100,13.91,RU,2022-01-29 00:54:09,light snow
6,Valenca Do Piaui,-6.4075,-41.7456,70.18,96,100,5.26,BR,2022-01-29 00:54:10,overcast clouds
7,East London,-33.0153,27.9116,66.96,78,0,10.63,ZA,2022-01-29 00:54:10,clear sky
8,Okha,53.5739,142.9478,-10.21,90,5,12.82,RU,2022-01-29 00:54:10,clear sky
9,Lima,-12.0432,-77.0282,70.39,80,40,13.8,PE,2022-01-29 00:54:11,scattered clouds
10,Kavieng,-2.5744,150.7967,83.26,73,100,4.65,PG,2022-01-29 00:54:11,light rain
11,Chokurdakh,70.6333,147.9167,-31.18,96,81,1.97,RU,2022-01-29 00:54:11,broken clouds
12,New Norfolk,-42.7826,147.0587,67.91,57,100,1.99,AU,2022-01-29 00:54:12,overcast clouds
13,Kibala,9.1104,18.3463,71.55,30,0,0.0,TD,2022-01-29 00:54:12,clear sky
14,Ongandjera,-17.8833,15.0667,74.55,36,100,9.53,NA,2022-01-29 00:54:12,overcast clouds
15,Cherskiy,68.75,161.3,-9.94,95,100,4.45,RU,2022-01-29 00:54:13,overcast clouds
16,Liverpool,53.4106,-2.9779,53.29,85,100,3.0,GB,2022-01-29 00:54:13,overcast clouds
17,Tuktoyaktuk,69.4541,-133.0374,-18.4,76,40,17.27,CA,2022-01-29 00:54:13,scattered clouds
18,Moshenskoye,58.5102,34.5911,19.71,98,100,0.65,RU,2022-01-29 00:54:13,overcast clouds
19,Mataura,-46.1927,168.8643,71.47,25,99,6.73,NZ,2022-01-29 00:54:14,overcast clouds
20,Rikitea,-23.1203,-134.9692,78.3,69,97,13.96,PF,2022-01-29 00:54:14,overcast clouds
21,Ixtapa,20.7,-105.2,74.23,83,8,4.0,MX,2022-01-29 00:54:14,clear sky
22,Pitimbu,-7.4706,-34.8086,72.19,73,100,11.74,BR,2022-01-29 00:50:28,moderate rain
23,Albany,42.6001,-73.9662,23.14,77,100,1.99,US,2022-01-29 00:51:55,overcast clouds
24,Ryotsu,38.0833,138.4333,37.36,51,100,4.03,JP,2022-01-29 00:54:15,overcast clouds
25,Saint-Philippe,-21.3585,55.7679,74.79,74,0,4.61,RE,2022-01-29 00:54:15,clear sky
26,Geraldton,-28.7667,114.6,95.41,31,0,21.85,AU,2022-01-29 00:54:16,clear sky
27,Jamestown,42.097,-79.2353,15.08,85,100,9.22,US,2022-01-29 00:50:07,overcast clouds
28,Viedma,-40.8135,-62.9967,82.36,27,0,12.33,AR,2022-01-29 00:54:16,clear sky
29,Sao Filipe,14.8961,-24.4956,71.31,69,76,8.9,CV,2022-01-29 00:54:16,broken clouds
30,Contamana,-7.3333,-75.0167,80.2,66,96,2.75,PE,2022-01-29 00:54:17,overcast clouds
31,Nizhniy Tsasuchey,50.5167,115.1333,-9.02,90,5,5.95,RU,2022-01-29 00:54:17,clear sky
32,Hay River,60.8156,-115.7999,1.38,78,75,9.22,CA,2022-01-29 00:54:17,broken clouds
33,Torbay,47.6666,-52.7314,28.27,85,100,9.22,CA,2022-01-29 00:54:17,overcast clouds
34,Lata,40.1629,-8.3327,47.05,59,0,5.41,PT,2022-01-29 00:54:18,clear sky
35,Tasiilaq,65.6145,-37.6368,4.59,72,25,6.42,GL,2022-01-29 00:54:18,scattered clouds
36,Araguaina,-7.1911,-48.2072,70.61,95,38,3.91,BR,2022-01-29 00:54:18,scattered clouds
37,Griffith,41.5284,-87.4237,21.06,78,100,1.99,US,2022-01-29 00:54:19,overcast clouds
38,Cabo San Lucas,22.8909,-109.9124,75.51,59,30,1.99,MX,2022-01-29 00:51:15,scattered clouds
39,Butaritari,3.0707,172.7902,81.63,79,29,16.55,KI,2022-01-29 00:54:19,light rain
40,Bend,44.0582,-121.3153,48.06,44,0,8.05,US,2022-01-29 00:54:19,clear sky
41,Tiksi,71.6872,128.8694,-9.18,99,28,7.7,RU,2022-01-29 00:54:20,scattered clouds
42,Lagoa,39.05,-27.9833,57.92,59,14,12.91,PT,2022-01-29 00:50:27,few clouds
43,Vaini,-21.2,-175.2,82.65,78,100,18.14,TO,2022-01-29 00:54:20,overcast clouds
44,Dudinka,69.4058,86.1778,1.62,93,100,18.61,RU,2022-01-29 00:52:39,overcast clouds
45,Alugan,12.2188,125.4808,80.33,83,100,5.35,PH,2022-01-29 00:54:20,overcast clouds
46,Ostrovnoy,68.0531,39.5131,12.96,93,100,8.75,RU,2022-01-29 00:54:21,overcast clouds
47,Khatanga,71.9667,102.5,-3.48,88,100,5.53,RU,2022-01-29 00:55:21,overcast clouds
48,Port Alfred,-33.5906,26.891,65.84,81,67,7.49,ZA,2022-01-29 00:55:22,light rain
49,Dunedin,-45.8742,170.5036,67.55,62,100,5.44,NZ,2022-01-29 00:55:22,overcast clouds
50,Atuona,-9.8,-139.0333,77.67,75,0,13.27,PF,2022-01-29 00:55:22,clear sky
51,Umm Lajj,25.0213,37.2685,60.35,49,0,13.44,SA,2022-01-29 00:55:22,clear sky
52,Leningradskiy,69.3833,178.4167,-11.27,94,18,2.53,RU,2022-01-29 00:55:23,few clouds
53,Adre,13.4667,22.2,56.53,17,6,15.66,TD,2022-01-29 00:55:23,clear sky
54,Barrow,71.2906,-156.7887,-18.47,100,89,12.5,US,2022-01-29 00:54:12,overcast clouds
55,Kapaa,22.0752,-159.319,79.48,78,13,1.01,US,2022-01-29 00:55:23,few clouds
56,Qaanaaq,77.484,-69.3632,-12.68,63,97,7.61,GL,2022-01-29 00:55:24,overcast clouds
57,Bluff,-46.6,168.3333,71.8,62,84,6.96,NZ,2022-01-29 00:55:24,broken clouds
58,Ushuaia,-54.8,-68.3,56.86,67,75,6.91,AR,2022-01-29 00:53:31,broken clouds
59,Victoria,22.2855,114.1577,65.32,89,99,1.01,HK,2022-01-29 00:51:34,overcast clouds
60,Mitu,1.1983,-70.1733,73.11,61,100,2.59,CO,2022-01-29 00:51:26,overcast clouds
61,Gadsden,34.0143,-86.0066,40.95,53,75,1.01,US,2022-01-29 00:55:25,broken clouds
62,La Ronge,55.1001,-105.2842,12.45,79,100,5.75,CA,2022-01-29 00:55:21,overcast clouds
63,Issoire,45.55,3.25,31.26,88,12,1.21,FR,2022-01-29 00:55:25,few clouds
64,Lompoc,34.6391,-120.4579,69.94,45,0,10.36,US,2022-01-29 00:55:25,clear sky
65,Mar Del Plata,-38.0023,-57.5575,68.88,75,0,15.99,AR,2022-01-29 00:55:26,clear sky
66,Zemio,5.0314,25.1361,66.67,30,54,4.68,CF,2022-01-29 00:55:26,broken clouds
67,Puerto Ayora,-0.7393,-90.3518,73.36,86,35,7.43,EC,2022-01-29 00:55:26,scattered clouds
68,Baykit,61.67,96.37,-12.1,100,100,1.86,RU,2022-01-29 00:55:27,overcast clouds
69,Haimen,23.1935,116.6142,60.69,81,100,18.03,CN,2022-01-29 00:55:27,overcast clouds
70,Kodiak,57.79,-152.4072,23.72,84,100,12.68,US,2022-01-29 00:55:27,overcast clouds
71,Clyde River,70.4692,-68.5914,-9.17,84,100,34.52,CA,2022-01-29 00:55:27,heavy snow
72,Buin,-33.7333,-70.75,73.74,74,0,4.18,CL,2022-01-29 00:55:28,clear sky
73,Ribeira Grande,38.5167,-28.7,58.75,62,82,9.17,PT,2022-01-29 00:55:28,broken clouds
74,Cheremukhovo,60.3484,59.9851,-7.85,97,94,3.09,RU,2022-01-29 00:55:28,overcast clouds
75,Boulder,40.0833,-105.3505,34.12,45,0,0.0,US,2022-01-29 00:53:46,clear sky
76,Malaya Vishera,58.8454,32.2222,22.33,96,100,7.36,RU,2022-01-29 00:55:29,light snow
77,Tura,25.5198,90.2201,49.5,57,0,3.47,IN,2022-01-29 00:55:29,clear sky
78,Carnarvon,-24.8667,113.6333,77.07,83,40,13.8,AU,2022-01-29 00:55:29,scattered clouds
79,Rjukan,59.8789,8.5941,34.7,96,100,6.64,NO,2022-01-29 00:55:30,overcast clouds
80,Hithadhoo,-0.6,73.0833,80.37,66,45,8.03,MV,2022-01-29 00:55:30,scattered clouds
81,Yar-Sale,66.8333,70.8333,-8.0,99,100,7.31,RU,2022-01-29 00:55:30,overcast clouds
82,Busselton,-33.65,115.3333,80.04,44,100,7.74,AU,2022-01-29 00:55:31,overcast clouds
83,Carutapera,-1.195,-46.02,74.84,91,100,11.01,BR,2022-01-29 00:50:44,overcast clouds
84,Marzuq,14.4,46.4667,58.3,30,21,3.09,YE,2022-01-29 00:55:31,few clouds
85,Katobu,-4.9408,122.5276,82.92,72,100,7.18,ID,2022-01-29 00:55:31,overcast clouds
86,Mount Isa,-20.7333,139.5,82.17,78,100,12.66,AU,2022-01-29 00:52:59,overcast clouds
87,Pevek,69.7008,170.3133,-10.59,100,100,1.79,RU,2022-01-29 00:55:32,overcast clouds
88,Rakkestad,59.4251,11.3454,40.75,91,100,17.94,NO,2022-01-29 00:55:32,overcast clouds
89,Ust-Ilimsk,58.0006,102.6619,-17.14,100,91,2.98,RU,2022-01-29 00:55:32,overcast clouds
90,Mount Gambier,-37.8333,140.7667,69.71,64,100,16.11,AU,2022-01-29 00:55:33,overcast clouds
91,Thunder Bay,48.4001,-89.3168,8.51,56,100,4.61,CA,2022-01-29 00:51:44,overcast clouds
92,Vardo,70.3705,31.1107,31.89,57,100,20.74,NO,2022-01-29 00:55:33,light snow
93,Rottenmann,47.5167,14.35,31.28,99,94,3.94,AT,2022-01-29 00:55:33,overcast clouds
94,Qui Nhon,13.7667,109.2333,73.98,81,32,6.24,VN,2022-01-29 00:56:34,scattered clouds
95,Brownsville,25.9018,-97.4975,53.1,77,100,1.01,US,2022-01-29 00:55:30,overcast clouds
96,Ponta Do Sol,32.6667,-17.1,62.71,61,46,5.46,PT,2022-01-29 00:56:34,scattered clouds
97,Cozumel,20.5083,-86.9458,75.99,81,43,11.01,MX,2022-01-29 00:51:57,scattered clouds
98,Caiaponia,-16.9567,-51.8103,67.89,97,100,4.05,BR,2022-01-29 00:56:35,overcast clouds
99,Minsk,53.9,27.5667,29.95,91,95,18.39,BY,2022-01-29 00:56:35,overcast clouds
100,Qostanay,53.1667,63.5833,4.24,89,100,5.06,KZ,2022-01-29 00:56:35,overcast clouds
101,Fortuna,40.5982,-124.1573,58.12,62,0,5.75,US,2022-01-29 00:56:36,clear sky
102,Bilibino,68.0546,166.4372,-7.69,96,100,4.09,RU,2022-01-29 00:52:52,overcast clouds
103,Broome,42.2506,-75.833,19.17,78,100,1.99,US,2022-01-29 00:56:36,overcast clouds
104,Hasaki,35.7333,140.8333,41.4,70,100,6.49,JP,2022-01-29 00:56:36,overcast clouds
105,Namibe,-15.1961,12.1522,71.65,82,100,6.17,AO,2022-01-29 00:53:01,overcast clouds
106,Urumqi,43.801,87.6005,-6.65,84,75,2.24,CN,2022-01-29 00:56:37,mist
107,Vestmannaeyjar,63.4427,-20.2734,26.82,68,100,29.3,IS,2022-01-29 00:56:37,overcast clouds
108,Isangel,-19.55,169.2667,80.71,89,100,4.61,VU,2022-01-29 00:56:37,shower rain
109,Tuatapere,-46.1333,167.6833,71.82,38,100,3.38,NZ,2022-01-29 00:56:38,overcast clouds
110,Portland,45.5234,-122.6762,48.13,59,67,1.99,US,2022-01-29 00:53:10,broken clouds
111,Mahibadhoo,3.7833,72.9667,81.1,63,36,15.19,MV,2022-01-29 00:56:38,scattered clouds
112,Port Elizabeth,-33.918,25.5701,66.09,94,75,12.66,ZA,2022-01-29 00:56:38,broken clouds
113,San Patricio,28.017,-97.5169,55.49,45,0,7.49,US,2022-01-29 00:56:39,clear sky
114,Bazpur,29.15,79.1167,45.7,79,0,3.02,IN,2022-01-29 00:56:39,clear sky
115,Vila,42.0304,-8.1588,34.68,49,0,5.19,PT,2022-01-29 00:56:39,clear sky
116,Alofi,-19.0595,-169.9187,85.89,70,15,11.5,NU,2022-01-29 00:56:40,few clouds
117,Bethel,41.3712,-73.414,30.56,88,100,5.59,US,2022-01-29 00:56:40,overcast clouds
118,Cockburn Town,21.4612,-71.1419,75.16,73,40,4.61,TC,2022-01-29 00:56:40,scattered clouds
119,Russell,32.3502,-85.1999,44.11,48,5,12.39,US,2022-01-29 00:56:41,clear sky
120,Karratha,-20.7377,116.8463,83.77,59,64,12.37,AU,2022-01-29 00:56:41,broken clouds
121,Hermanus,-34.4187,19.2345,60.8,77,11,12.06,ZA,2022-01-29 00:56:41,few clouds
122,Arraial Do Cabo,-22.9661,-42.0278,75.16,94,20,3.44,BR,2022-01-29 00:56:42,few clouds
123,Matamoros,25.5333,-103.25,46.67,70,10,8.84,MX,2022-01-29 00:56:42,clear sky
124,Nikolskoye,59.7035,30.7861,26.49,95,100,7.31,RU,2022-01-29 00:56:42,overcast clouds
125,Uyuni,-20.4597,-66.825,56.57,56,32,13.0,BO,2022-01-29 00:56:43,scattered clouds
126,Abu Samrah,35.3029,37.1841,38.8,91,100,4.81,SY,2022-01-29 00:56:43,overcast clouds
127,Iquique,-20.2208,-70.1431,66.65,76,28,0.4,CL,2022-01-29 00:56:43,scattered clouds
128,Chuy,-33.6971,-53.4616,64.47,75,1,6.53,UY,2022-01-29 00:56:43,clear sky
129,Acapulco,16.8634,-99.8901,78.12,77,0,5.88,MX,2022-01-29 00:53:45,clear sky
130,Castro,-24.7911,-50.0119,59.18,98,100,9.95,BR,2022-01-29 00:56:44,overcast clouds
131,Port Lincoln,-34.7333,135.8667,68.77,72,100,15.64,AU,2022-01-29 00:56:44,overcast clouds
132,Ziri,46.0422,14.1072,33.03,66,32,1.61,SI,2022-01-29 00:56:45,scattered clouds
133,Araouane,18.9048,-3.5265,67.55,16,78,10.85,ML,2022-01-29 00:56:45,broken clouds
134,Dikson,73.5069,80.5464,3.52,94,100,17.81,RU,2022-01-29 00:56:45,overcast clouds
135,Moranbah,-22.0016,148.0466,85.21,51,82,17.52,AU,2022-01-29 00:56:46,broken clouds
136,Srednekolymsk,67.45,153.6833,-8.63,93,100,2.51,RU,2022-01-29 00:56:46,overcast clouds
137,Manakara,-22.1333,48.0167,69.35,85,7,3.98,MG,2022-01-29 00:56:46,clear sky
138,Alexandria,31.2156,29.9553,51.76,87,40,3.44,EG,2022-01-29 00:56:28,scattered clouds
139,Camacha,33.0833,-16.3333,56.62,72,40,13.8,PT,2022-01-29 00:56:47,scattered clouds
140,Adrar,20.5022,-10.0711,71.62,12,100,0.54,MR,2022-01-29 00:57:47,overcast clouds
141,Esperance,-33.8667,121.9,71.44,50,0,10.0,AU,2022-01-29 00:57:47,clear sky
142,Faanui,-16.4833,-151.75,81.41,73,7,15.88,PF,2022-01-29 00:57:48,light rain
143,Kalmar,56.6616,16.3616,33.96,77,40,8.05,SE,2022-01-29 00:57:48,scattered clouds
144,Yellowknife,62.456,-114.3525,-3.48,87,40,9.22,CA,2022-01-29 00:57:48,light snow
145,Quatre Cocos,-20.2078,57.7625,77.11,81,5,8.32,MU,2022-01-29 00:55:07,clear sky
146,Ngunguru,-35.6167,174.5,73.17,62,100,13.49,NZ,2022-01-29 00:57:48,overcast clouds
147,Cape Town,-33.9258,18.4232,66.61,66,0,4.0,ZA,2022-01-29 00:53:16,clear sky
148,Noumea,-22.2763,166.4572,84.18,99,100,13.62,NC,2022-01-29 00:57:49,overcast clouds
149,Skibbereen,51.55,-9.2667,51.6,90,100,21.45,IE,2022-01-29 00:57:49,overcast clouds
150,Ikalamavony,-21.15,46.5833,63.77,86,0,3.71,MG,2022-01-29 00:57:50,clear sky
151,Mahajanga,-15.7167,46.3167,77.02,94,40,3.44,MG,2022-01-29 00:57:50,scattered clouds
152,Taksimo,56.3444,114.8794,-15.47,92,64,2.59,RU,2022-01-29 00:57:50,broken clouds
153,High Level,58.5169,-117.136,19.51,86,75,5.75,CA,2022-01-29 00:57:51,broken clouds
154,Yumen,40.2833,97.2,18.12,44,6,6.33,CN,2022-01-29 00:57:51,clear sky
155,Ayr,55.4627,-4.6339,52.32,87,100,19.57,GB,2022-01-29 00:57:51,overcast clouds
156,Provideniya,64.3833,-173.3,1.49,97,19,2.8,RU,2022-01-29 00:57:51,few clouds
157,Troitskoye,52.9821,84.6757,-6.11,100,92,3.74,RU,2022-01-29 00:57:52,overcast clouds
158,Airai,-8.9266,125.4092,69.26,69,100,4.54,TL,2022-01-29 00:57:52,overcast clouds
159,Hobyo,5.3505,48.5268,76.87,65,96,19.39,SO,2022-01-29 00:54:13,overcast clouds
160,San Quintin,30.4833,-115.95,62.71,47,77,4.81,MX,2022-01-29 00:57:52,broken clouds
161,Saskylakh,71.9167,114.0833,-1.73,92,100,5.28,RU,2022-01-29 00:57:53,overcast clouds
162,Teknaf,20.8624,92.3058,57.15,65,5,10.69,BD,2022-01-29 00:57:53,clear sky
163,Vao,-22.6667,167.4833,78.49,83,100,24.54,NC,2022-01-29 00:55:27,moderate rain
164,Haines Junction,60.7522,-137.5108,35.55,64,100,8.05,CA,2022-01-29 00:57:53,overcast clouds
165,Luderitz,-26.6481,15.1594,68.58,72,0,26.28,NA,2022-01-29 00:57:54,clear sky
166,Avarua,-21.2078,-159.775,84.25,74,21,12.66,CK,2022-01-29 00:57:54,few clouds
167,Mongo,12.1844,18.693,64.45,19,4,6.6,TD,2022-01-29 00:57:54,clear sky
168,Manggar,-2.8833,108.2667,80.91,75,100,6.46,ID,2022-01-29 00:57:55,overcast clouds
169,Meulaboh,4.1363,96.1285,78.66,86,52,2.51,ID,2022-01-29 00:57:55,broken clouds
170,Chany,55.3121,76.7647,-4.2,99,76,4.72,RU,2022-01-29 00:57:55,broken clouds
171,La Rioja,42.25,-2.5,33.12,65,0,5.57,ES,2022-01-29 00:57:56,clear sky
172,Bima,-8.4667,118.7167,82.54,80,94,1.41,ID,2022-01-29 00:57:56,overcast clouds
173,Thinadhoo,0.5333,72.9333,80.26,66,45,9.51,MV,2022-01-29 00:57:56,scattered clouds
174,Kirovskiy,45.0917,133.5136,3.13,92,100,7.76,RU,2022-01-29 00:57:57,overcast clouds
175,Kutum,14.2,24.6667,49.28,19,5,9.31,SD,2022-01-29 00:57:57,clear sky
176,Avera,33.194,-82.5271,45.91,63,78,18.9,US,2022-01-29 00:57:57,broken clouds
177,Lebu,-37.6167,-73.65,59.29,91,0,4.72,CL,2022-01-29 00:57:58,clear sky
178,Klaksvik,62.2266,-6.589,41.92,92,100,12.8,FO,2022-01-29 00:57:58,overcast clouds
179,Saint-Augustin,51.226,-58.6502,18.23,90,100,6.46,CA,2022-01-29 00:57:58,overcast clouds
180,Atambua,-9.1061,124.8925,78.06,82,100,7.27,ID,2022-01-29 00:57:58,overcast clouds
181,Tuskegee,32.424,-85.6916,44.4,60,30,4.0,US,2022-01-29 00:57:59,scattered clouds
182,Mocuba,-16.8392,36.9856,70.57,99,27,2.51,MZ,2022-01-29 00:57:59,scattered clouds
183,Laguna,38.421,-121.4238,64.24,36,0,0.0,US,2022-01-29 00:56:40,clear sky
184,Ancud,-41.8697,-73.8203,69.33,80,0,6.98,CL,2022-01-29 00:57:59,clear sky
185,Liku,-0.7275,119.8922,80.47,75,100,0.65,ID,2022-01-29 00:58:00,overcast clouds
186,Novyy Urgal,51.0736,132.5642,-23.78,98,92,1.19,RU,2022-01-29 00:59:00,overcast clouds
187,Christchurch,-43.5333,172.6333,76.48,65,100,11.01,NZ,2022-01-29 00:57:02,overcast clouds
188,Ocala,29.1872,-82.1401,56.97,75,82,3.0,US,2022-01-29 00:58:45,broken clouds
189,Maturin,9.75,-63.1767,71.49,76,0,7.49,VE,2022-01-29 00:58:42,clear sky
190,Khalkhal,37.6189,48.5258,14.05,90,69,1.23,IR,2022-01-29 00:59:01,broken clouds
191,Agirish,61.9247,63.0231,-11.34,100,38,3.56,RU,2022-01-29 00:59:01,scattered clouds
192,Purworejo,-6.7872,111.9224,80.6,78,100,5.26,ID,2022-01-29 00:59:01,overcast clouds
193,Miles City,46.4083,-105.8406,40.51,63,77,10.78,US,2022-01-29 00:59:02,broken clouds
194,Barra Patuca,15.8,-84.2833,75.79,77,52,8.03,HN,2022-01-29 00:59:02,broken clouds
195,Kruisfontein,-34.0033,24.7314,63.88,83,100,1.81,ZA,2022-01-29 00:56:39,light rain
196,Makinsk,52.6292,70.4169,-2.15,81,100,3.2,KZ,2022-01-29 00:59:02,overcast clouds
197,Tilichiki,60.4667,166.1,28.8,82,100,20.62,RU,2022-01-29 00:58:30,overcast clouds
198,Hervey Bay,-25.2986,152.8535,84.31,63,5,8.99,AU,2022-01-29 00:55:34,clear sky
199,Mahebourg,-20.4081,57.7,77.29,88,40,0.0,MU,2022-01-29 00:59:03,scattered clouds
200,Bengkulu,-3.8004,102.2655,77.16,84,100,3.06,ID,2022-01-29 00:59:03,overcast clouds
201,Nantucket,41.2835,-70.0995,33.1,92,100,13.91,US,2022-01-29 00:59:03,overcast clouds
202,North Bend,43.4065,-124.2243,57.11,84,0,4.61,US,2022-01-29 00:54:53,clear sky
203,La Union,-5.4,-80.75,75.65,66,100,10.69,PE,2022-01-29 00:56:54,overcast clouds
204,Ketchikan,55.3422,-131.6461,45.07,93,100,13.8,US,2022-01-29 00:59:04,light rain
205,Grindavik,63.8424,-22.4338,25.27,63,75,25.32,IS,2022-01-29 00:59:04,broken clouds
206,Yuci,37.6803,112.7319,24.55,93,6,2.24,CN,2022-01-29 00:59:05,mist
207,Sobolevo,54.4299,31.8996,32.07,97,100,8.28,RU,2022-01-29 00:59:05,snow
208,Narsaq,60.9167,-46.05,18.41,95,100,5.41,GL,2022-01-29 00:59:05,snow
209,Ilulissat,69.2167,-51.1,22.24,58,100,22.88,GL,2022-01-29 00:59:06,overcast clouds
210,Bowen,-20.0167,148.2333,84.42,65,21,17.36,AU,2022-01-29 00:59:06,few clouds
211,Kieta,-6.2167,155.6333,86.56,66,27,6.67,PG,2022-01-29 00:58:05,scattered clouds
212,Necochea,-38.5473,-58.7368,67.03,67,0,11.21,AR,2022-01-29 00:59:06,clear sky
213,Brae,60.3964,-1.353,48.11,96,100,28.72,GB,2022-01-29 00:59:07,overcast clouds
214,Tongchuan,35.0806,109.0897,26.1,68,3,2.77,CN,2022-01-29 00:59:07,clear sky
215,Nuevo Progreso,23.1667,-97.95,60.6,70,98,11.99,MX,2022-01-29 00:59:07,overcast clouds
216,Norman Wells,65.282,-126.8329,-7.56,77,100,6.91,CA,2022-01-29 00:59:08,light snow
217,Labuhan,-6.8844,112.2051,81.34,78,98,5.86,ID,2022-01-29 00:57:54,overcast clouds
218,Mehamn,71.0357,27.8492,23.38,63,100,4.34,NO,2022-01-29 00:59:08,overcast clouds
219,Port Macquarie,-31.4333,152.9167,80.89,69,61,10.47,AU,2022-01-29 00:58:31,broken clouds
220,Nouadhibou,20.931,-17.0347,62.58,82,100,16.11,MR,2022-01-29 00:59:08,overcast clouds
221,Gat,31.61,34.7642,48.4,100,97,6.13,IL,2022-01-29 00:55:00,overcast clouds
222,Erdenet,49.0333,104.0833,-6.95,96,100,4.0,MN,2022-01-29 00:59:09,overcast clouds
223,Roebourne,-20.7833,117.1333,85.78,51,10,13.13,AU,2022-01-29 00:59:09,clear sky
224,Axim,4.8699,-2.2405,78.31,83,61,3.85,GH,2022-01-29 00:59:09,broken clouds
225,Port Hedland,-20.3167,118.5667,84.25,65,100,12.66,AU,2022-01-29 00:59:10,overcast clouds
226,Hammerfest,70.6634,23.6821,18.05,100,20,0.0,NO,2022-01-29 00:59:10,few clouds
227,Sistranda,63.7256,8.834,37.36,90,100,23.02,NO,2022-01-29 00:59:10,light rain
228,Sa Kaeo,13.75,102.3333,78.73,73,83,9.17,TH,2022-01-29 00:59:11,broken clouds
229,Goderich,43.7501,-81.7165,5.92,72,59,5.75,CA,2022-01-29 00:59:11,broken clouds
230,Umm Kaddadah,13.6017,26.6876,53.65,19,91,18.12,SD,2022-01-29 00:59:11,overcast clouds
231,Bambanglipuro,-7.95,110.2833,80.64,75,94,2.73,ID,2022-01-29 00:59:11,overcast clouds
232,Banda Aceh,5.5577,95.3222,79.72,82,17,5.61,ID,2022-01-29 01:00:12,few clouds
233,Zhigalovo,54.8097,105.1578,-22.72,100,100,0.49,RU,2022-01-29 01:00:12,overcast clouds
234,Georgetown,5.4112,100.3354,80.89,91,20,3.0,MY,2022-01-29 00:56:11,haze
235,Talnakh,69.4865,88.3972,1.2,94,100,11.74,RU,2022-01-29 00:59:05,light snow
236,Aksarka,66.5606,67.7975,-2.25,96,100,7.96,RU,2022-01-29 00:58:01,overcast clouds
237,Rocha,-34.4833,-54.3333,59.79,78,0,3.29,UY,2022-01-29 01:00:13,clear sky
238,Saint-Francois,46.4154,3.9054,33.24,97,100,2.3,FR,2022-01-29 01:00:13,overcast clouds
239,Doka,13.5167,35.7667,68.43,35,5,12.84,SD,2022-01-29 01:00:14,clear sky
240,Chapais,49.7834,-74.8492,-23.42,100,19,3.22,CA,2022-01-29 01:00:15,few clouds
241,Kirando,-7.4167,30.6,71.65,81,100,5.08,TZ,2022-01-29 01:00:15,light rain
242,Coracora,-15.0333,-73.7833,49.68,59,43,4.41,PE,2022-01-29 01:00:16,scattered clouds
243,Eskilstuna,59.3666,16.5077,36.03,81,100,8.99,SE,2022-01-29 01:00:16,overcast clouds
244,Phan Thiet,10.9333,108.1,77.85,64,17,1.39,VN,2022-01-29 01:00:17,few clouds
245,Bongandanga,1.5,21.05,74.14,47,94,1.32,CD,2022-01-29 01:00:17,overcast clouds
246,Hofn,64.2539,-15.2082,26.51,57,98,18.52,IS,2022-01-29 01:00:18,overcast clouds
247,Namtsy,62.7161,129.6658,-29.09,100,100,3.18,RU,2022-01-29 01:00:19,overcast clouds
248,Paracatu,-17.2222,-46.8747,70.16,80,95,3.04,BR,2022-01-29 00:58:21,overcast clouds
249,Wajima,37.4,136.9,36.52,74,100,6.38,JP,2022-01-29 01:00:19,overcast clouds
250,Coihaique,-45.5752,-72.0662,60.73,55,100,5.66,CL,2022-01-29 01:00:20,overcast clouds
251,Saldanha,-33.0117,17.9442,63.01,81,0,14.85,ZA,2022-01-29 01:00:20,clear sky
252,Zhangye,38.9342,100.4517,21.22,29,0,6.53,CN,2022-01-29 01:00:21,clear sky
253,Yeppoon,-23.1333,150.7333,82.18,68,41,17.22,AU,2022-01-29 01:00:21,scattered clouds
254,Ahipara,-35.1667,173.1667,75.58,49,100,9.46,NZ,2022-01-29 01:00:22,overcast clouds
255,Henties Bay,-22.116,14.2845,62.85,82,95,7.92,NA,2022-01-29 01:00:22,overcast clouds
256,Marawi,7.9986,124.2928,71.65,78,7,0.22,PH,2022-01-29 01:00:23,clear sky
257,Conde,-7.2597,-34.9075,78.96,73,100,9.48,BR,2022-01-29 01:00:23,heavy intensity rain
258,Xiaoyi,34.6178,109.703,32.31,71,19,1.97,CN,2022-01-29 01:00:23,few clouds
259,Nampula,-15.1165,39.2666,67.41,98,14,2.06,MZ,2022-01-29 01:00:24,few clouds
260,Redlands,34.0556,-117.1825,68.22,19,85,3.38,US,2022-01-29 00:56:53,overcast clouds
261,Naze,28.3667,129.4833,55.8,80,100,10.38,JP,2022-01-29 01:00:24,light rain
262,Hamadan,34.7992,48.5146,21.51,60,100,3.06,IR,2022-01-29 01:00:25,overcast clouds
263,Shimoda,34.6667,138.95,46.51,53,86,1.88,JP,2022-01-29 01:00:25,overcast clouds
264,Glubczyce,50.2009,17.8286,30.65,74,100,11.36,PL,2022-01-29 00:59:29,overcast clouds
265,Fairbanks,64.8378,-147.7164,-6.07,93,100,3.94,US,2022-01-29 00:57:07,overcast clouds
266,Kholmogory,64.2229,41.656,14.11,98,94,3.62,RU,2022-01-29 01:00:25,light snow
267,Pisco,-13.7,-76.2167,68.02,84,56,2.71,PE,2022-01-29 01:00:26,broken clouds
268,Katsuura,35.1333,140.3,46.18,74,100,9.26,JP,2022-01-29 00:59:16,overcast clouds
269,Aquidauana,-20.4711,-55.7872,74.37,94,100,3.62,BR,2022-01-29 01:00:26,overcast clouds
270,Padang,-0.9492,100.3543,77.05,79,93,2.46,ID,2022-01-29 01:00:26,overcast clouds
271,Emerald,-23.5333,148.1667,87.35,45,23,11.18,AU,2022-01-29 01:00:27,few clouds
272,Durusu,41.3053,28.6767,44.78,86,84,4.0,TR,2022-01-29 01:00:27,broken clouds
273,Road Town,18.4167,-64.6167,75.99,72,3,15.52,VG,2022-01-29 01:00:28,clear sky
274,Olecko,54.0337,22.507,28.81,79,19,14.38,PL,2022-01-29 01:00:28,few clouds
275,Hashtrud,37.4779,47.0508,4.95,96,91,1.59,IR,2022-01-29 01:00:28,overcast clouds
276,Hualmay,-11.0964,-77.6139,70.23,82,100,8.21,PE,2022-01-29 01:00:29,overcast clouds
277,Ukiah,39.1502,-123.2078,62.53,42,0,3.44,US,2022-01-29 01:01:29,clear sky
278,Naryan-Mar,67.6713,53.087,-1.66,96,100,10.11,RU,2022-01-29 01:01:30,overcast clouds
279,Tarauaca,-8.1614,-70.7656,75.02,92,100,2.3,BR,2022-01-29 01:01:30,overcast clouds
280,Iqaluit,63.7506,-68.5145,-16.87,69,75,13.8,CA,2022-01-29 01:01:30,broken clouds
281,Buchanan,5.8808,-10.0467,79.59,82,38,3.65,LR,2022-01-29 00:57:44,scattered clouds
282,Kralendijk,12.15,-68.2667,78.57,75,100,14.38,BQ,2022-01-29 01:01:31,overcast clouds
283,Vila Franca Do Campo,37.7167,-25.4333,59.41,84,28,9.44,PT,2022-01-29 01:01:31,scattered clouds
284,Chapleau,47.8405,-83.4034,2.89,95,96,6.8,CA,2022-01-29 01:01:31,overcast clouds
285,Agadir,30.4202,-9.5982,66.65,37,0,31.74,MA,2022-01-29 00:56:47,clear sky
286,Skopje,42.0,21.4333,31.68,80,40,0.0,MK,2022-01-29 01:01:32,scattered clouds
287,Akyab,20.15,92.9,59.72,60,28,11.39,MM,2022-01-29 01:01:32,scattered clouds
288,Vestmanna,62.1564,-7.1664,40.12,75,100,18.41,FO,2022-01-29 01:01:32,overcast clouds
289,Saint-Georges,12.0564,-61.7485,75.61,75,0,9.44,GD,2022-01-29 01:01:33,clear sky
290,Kaitangata,-46.2817,169.8464,64.92,73,100,4.38,NZ,2022-01-29 01:01:33,overcast clouds
291,Molchanovo,57.5817,83.7692,1.27,96,100,5.37,RU,2022-01-29 01:01:33,overcast clouds
292,Muisne,0.6,-80.0333,74.86,91,96,2.86,EC,2022-01-29 01:01:34,light rain
293,Russkaya Polyana,49.417,31.9201,32.85,94,100,14.81,UA,2022-01-29 01:01:34,light snow
294,Mandalgovi,45.7625,106.2708,4.46,95,100,4.16,MN,2022-01-29 01:01:34,light snow
295,Agadez,19.75,10.25,54.03,19,0,9.55,NE,2022-01-29 01:01:35,clear sky
296,Guerrero Negro,27.9769,-114.0611,69.48,32,6,6.35,MX,2022-01-29 00:59:15,clear sky
297,Marsh Harbour,26.5412,-77.0636,73.94,68,100,21.52,BS,2022-01-29 01:00:04,overcast clouds
298,Hami,42.8,93.45,20.08,54,0,4.88,CN,2022-01-29 01:01:35,clear sky
299,Lakes Entrance,-37.8811,147.981,68.58,95,100,6.96,AU,2022-01-29 01:01:35,overcast clouds
300,De Aar,-30.6497,24.0123,63.27,61,0,18.25,ZA,2022-01-29 01:01:36,clear sky
301,Jalu,29.0331,21.5482,53.22,74,90,6.85,LY,2022-01-29 01:01:36,overcast clouds
302,Samarai,-10.6167,150.6667,84.43,66,100,2.77,PG,2022-01-29 00:59:09,overcast clouds
303,College,64.8569,-147.8028,0.66,93,100,3.89,US,2022-01-29 01:01:37,overcast clouds
304,Thompson,55.7435,-97.8558,-3.53,95,100,2.89,CA,2022-01-29 01:00:40,overcast clouds
305,Kaeo,-35.1,173.7833,73.33,64,100,14.07,NZ,2022-01-29 01:01:37,overcast clouds
306,Sao Francisco,-15.9486,-44.8644,74.68,75,96,3.91,BR,2022-01-29 01:01:38,overcast clouds
307,Ambon,-3.6954,128.1814,89.74,62,20,4.61,ID,2022-01-29 01:00:31,few clouds
308,Komsomolskiy,40.4272,71.7189,38.12,41,40,4.61,UZ,2022-01-29 00:57:58,light rain
309,Souillac,-20.5167,57.5167,77.36,85,9,7.14,MU,2022-01-29 01:01:38,clear sky
310,Dabat,12.9842,37.765,49.64,78,3,2.17,ET,2022-01-29 01:01:38,clear sky
311,Oyon,-10.6681,-76.7731,45.27,97,100,2.26,PE,2022-01-29 01:01:39,overcast clouds
312,Salalah,17.0151,54.0924,68.88,50,16,5.55,OM,2022-01-29 00:59:08,few clouds
313,Codrington,-38.2667,141.9667,65.68,72,100,13.4,AU,2022-01-29 01:01:39,overcast clouds
314,Alcaniz,41.05,-0.1333,47.75,55,0,3.47,ES,2022-01-29 01:01:40,clear sky
315,Bambous Virieux,-20.3428,57.7575,77.22,80,4,8.12,MU,2022-01-29 01:01:40,clear sky
316,Manzil Salim,35.8567,8.4765,39.61,69,45,5.03,TN,2022-01-29 01:01:40,scattered clouds
317,Vostok,46.4856,135.8833,-5.4,87,100,7.23,RU,2022-01-29 01:01:40,overcast clouds
318,Sovetskiy,61.3614,63.5842,-13.27,100,79,3.18,RU,2022-01-29 01:01:41,broken clouds
319,Grootfontein,-19.5667,18.1167,69.12,75,100,2.46,NA,2022-01-29 01:01:41,light rain
320,Port Hardy,50.6996,-127.4199,46.76,82,100,9.22,CA,2022-01-29 01:01:42,overcast clouds
321,Cimislia,46.52,28.7842,37.54,78,99,18.45,MD,2022-01-29 01:01:42,overcast clouds
322,Abonnema,4.7084,6.7931,77.72,83,99,1.41,NG,2022-01-29 01:02:42,overcast clouds
323,Atasu,48.6814,71.6433,11.57,74,100,9.46,KZ,2022-01-29 01:02:42,overcast clouds
324,Fayaoue,-20.65,166.5333,80.47,82,100,19.46,NC,2022-01-29 01:02:43,light rain
325,Lavrentiya,65.5833,-171.0,-6.18,95,6,2.1,RU,2022-01-29 01:02:43,clear sky
326,Saint George,37.1041,-113.5841,54.07,27,0,2.98,US,2022-01-29 01:00:10,clear sky
327,Charlestown,-32.95,151.6667,89.02,63,0,1.01,AU,2022-01-29 01:00:30,clear sky
328,Maumere,-8.6199,122.2111,82.15,76,100,2.57,ID,2022-01-29 01:02:44,overcast clouds
329,Alyangula,-13.8483,136.4192,81.41,81,100,6.4,AU,2022-01-29 01:02:44,moderate rain
330,Maldonado,-34.6667,-54.9167,66.22,77,0,5.57,UY,2022-01-29 01:02:44,clear sky
331,Hilo,19.7297,-155.09,77.11,78,4,7.0,US,2022-01-29 01:02:45,clear sky
332,Izhmorskiy,56.194,86.6414,-4.5,99,100,4.74,RU,2022-01-29 01:02:45,overcast clouds
333,Magdagachi,53.45,125.8,4.17,66,98,8.46,RU,2022-01-29 01:02:45,overcast clouds
334,Hamilton,39.1834,-84.5333,19.63,86,100,4.0,US,2022-01-29 01:02:46,mist
335,Beloha,-25.1667,45.05,68.86,89,2,5.88,MG,2022-01-29 01:02:46,clear sky
336,Westport,41.1415,-73.3579,31.98,87,100,4.0,US,2022-01-29 01:02:46,overcast clouds
337,Konstantinovka,49.6167,127.9833,-6.88,91,15,5.03,RU,2022-01-29 01:02:47,few clouds
338,Nha Trang,12.25,109.1833,73.4,77,100,3.65,VN,2022-01-29 01:00:32,overcast clouds
339,Port Shepstone,-30.7414,30.455,70.3,73,40,10.27,ZA,2022-01-29 01:02:47,scattered clouds
340,Upernavik,72.7868,-56.1549,5.31,72,100,4.25,GL,2022-01-29 01:02:47,overcast clouds
341,Bontang,0.1333,117.5,79.52,76,86,4.14,ID,2022-01-29 01:02:48,overcast clouds
342,Betioky,-23.7167,44.3833,68.63,81,0,2.35,MG,2022-01-29 01:02:48,clear sky
343,Nawabganj,24.5911,88.271,53.26,68,0,7.49,BD,2022-01-29 01:02:48,clear sky
344,Morondava,-20.2833,44.2833,79.38,76,4,0.34,MG,2022-01-29 01:02:49,clear sky
345,Ambilobe,-13.2,49.05,73.26,91,99,2.24,MG,2022-01-29 01:02:49,overcast clouds
346,Zhanaozen,43.3,52.8,27.19,79,100,7.31,KZ,2022-01-29 01:02:49,overcast clouds
347,Ishcherskaya,43.7153,45.1264,20.08,88,5,3.22,RU,2022-01-29 01:02:50,clear sky
348,Eyl,7.9803,49.8164,72.21,75,100,14.94,SO,2022-01-29 01:02:50,overcast clouds
349,Tongliao,43.6125,122.2653,5.09,82,1,7.58,CN,2022-01-29 01:00:26,clear sky
350,Maragogi,-9.0122,-35.2225,79.48,77,100,10.63,BR,2022-01-29 01:02:50,overcast clouds
351,Daru,-9.0763,143.2092,83.59,73,85,8.95,PG,2022-01-29 01:02:51,heavy intensity rain
352,Thanh Hoa,19.8,105.7667,70.61,90,100,5.44,VN,2022-01-29 01:02:51,overcast clouds
353,Gigmoto,13.7796,124.39,80.4,84,98,5.48,PH,2022-01-29 01:02:51,overcast clouds
354,Kavaratti,10.5669,72.642,80.65,71,8,9.6,IN,2022-01-29 01:02:52,clear sky
355,Fuerte Olimpo,-21.0415,-57.8738,75.7,81,16,2.93,PY,2022-01-29 01:02:52,few clouds
356,Vysokogornyy,50.1167,139.15,-4.29,87,97,2.39,RU,2022-01-29 01:02:52,overcast clouds
357,Pangnirtung,66.1451,-65.7125,-9.81,100,100,1.9,CA,2022-01-29 01:02:53,overcast clouds
358,Misratah,32.3754,15.0925,53.06,60,0,13.11,LY,2022-01-29 01:02:53,clear sky
359,Peru,40.7537,-86.0689,14.79,74,0,3.44,US,2022-01-29 01:02:53,clear sky
360,Villa Carlos Paz,-31.4241,-64.4978,67.24,85,0,2.95,AR,2022-01-29 01:02:54,clear sky
361,Bafq,31.6128,55.4107,42.28,30,100,2.35,IR,2022-01-29 01:02:54,overcast clouds
362,Ferrol,43.4832,-8.2369,50.27,78,0,7.25,ES,2022-01-29 01:02:54,clear sky
363,Bayir,37.2687,28.2167,25.32,68,34,2.33,TR,2022-01-29 01:02:54,scattered clouds
364,Tegh,39.5579,46.4772,21.54,82,11,4.65,AM,2022-01-29 01:02:55,few clouds
365,Surgut,61.25,73.4167,-5.62,77,0,2.24,RU,2022-01-29 01:02:55,clear sky
366,Polaniec,50.4332,21.2812,34.79,82,91,13.91,PL,2022-01-29 01:00:58,overcast clouds
367,Port Moresby,-9.4431,147.1797,85.32,62,100,9.89,PG,2022-01-29 01:00:13,overcast clouds
368,Cururupu,-1.8283,-44.8683,73.53,95,100,5.35,BR,2022-01-29 01:02:07,overcast clouds
369,Raudeberg,61.9875,5.1352,45.86,95,100,8.99,NO,2022-01-29 01:03:56,light rain
370,Dingle,10.9995,122.6711,82.09,76,97,3.8,PH,2022-01-29 01:03:56,overcast clouds
371,Nyurba,63.2842,118.3319,-24.34,100,87,3.67,RU,2022-01-29 01:03:56,overcast clouds
372,Paralimni,35.0375,33.9833,48.42,87,8,5.99,CY,2022-01-29 01:03:57,clear sky
373,Price,39.5994,-110.8107,33.06,37,0,0.0,US,2022-01-29 01:03:57,clear sky
374,Bandarbeyla,9.4942,50.8122,72.45,76,99,16.17,SO,2022-01-29 01:03:57,overcast clouds
375,Itarema,-2.9248,-39.9167,73.6,81,100,6.69,BR,2022-01-29 01:03:58,overcast clouds
376,Bograd,54.2344,90.8328,-9.65,99,81,3.38,RU,2022-01-29 01:03:58,broken clouds
377,Naifaru,5.4444,73.3657,82.22,68,89,16.55,MV,2022-01-29 01:03:58,overcast clouds
378,Romanovo,52.6182,81.2271,-7.65,98,88,5.79,RU,2022-01-29 01:03:58,overcast clouds
379,Gao,16.6362,1.637,63.84,20,0,14.0,ML,2022-01-29 01:03:59,clear sky
380,Hoquiam,46.9809,-123.8893,47.93,80,0,4.61,US,2022-01-29 01:02:31,clear sky
381,Porto Walter,-8.2686,-72.7439,78.82,81,100,2.37,BR,2022-01-29 01:03:59,overcast clouds
382,Lasa,46.6166,10.7002,30.69,56,71,8.01,IT,2022-01-29 01:03:59,broken clouds
383,Sao Raimundo Das Mangabeiras,-7.0219,-45.4811,70.9,93,99,5.06,BR,2022-01-29 01:04:00,overcast clouds
384,Lorengau,-2.0226,147.2712,81.82,80,99,4.21,PG,2022-01-29 01:01:17,overcast clouds
385,Varkkallai,8.7341,76.7067,76.78,74,39,9.31,IN,2022-01-29 01:04:00,scattered clouds
386,Promyshlennovskiy,55.4833,86.2,-3.23,100,100,3.04,RU,2022-01-29 01:04:01,overcast clouds
387,General Roca,-39.0333,-67.5833,82.8,20,0,7.11,AR,2022-01-29 01:04:01,light rain
388,Bagrami,34.4938,69.2743,19.69,77,0,7.0,AF,2022-01-29 01:04:01,clear sky
389,Camopi,3.1655,-52.3158,70.84,99,86,2.62,GF,2022-01-29 01:02:31,overcast clouds
390,Opuwo,-18.0607,13.84,64.09,55,32,6.49,NA,2022-01-29 01:04:01,scattered clouds
391,Ust-Kulom,61.6864,53.6902,1.49,98,100,4.59,RU,2022-01-29 01:04:02,overcast clouds
392,Maniitsoq,65.4167,-52.9,18.81,83,100,33.91,GL,2022-01-29 01:04:02,light snow
393,Pontianak,-0.0333,109.3333,78.78,88,40,4.61,ID,2022-01-29 01:03:20,scattered clouds
394,Sisimiut,66.9395,-53.6735,20.19,89,100,27.27,GL,2022-01-29 01:04:03,snow
395,Ust-Tsilma,65.441,52.1498,8.64,92,100,7.54,RU,2022-01-29 01:04:03,overcast clouds
396,Taoudenni,22.6783,-3.9836,70.48,11,100,13.0,ML,2022-01-29 01:04:03,overcast clouds
397,Malkangiri,18.35,81.9,53.44,49,7,3.22,IN,2022-01-29 01:04:03,clear sky
398,Shelburne,44.0787,-80.2041,1.56,98,96,3.78,CA,2022-01-29 01:01:06,overcast clouds
399,Matara,5.9485,80.5353,73.09,92,22,4.45,LK,2022-01-29 01:04:04,few clouds
400,Hambantota,6.1241,81.1185,71.94,100,0,2.3,LK,2022-01-29 01:04:04,clear sky
401,Mimoso Do Sul,-21.0642,-41.3664,75.07,92,91,3.27,BR,2022-01-29 01:02:54,overcast clouds
402,Flinders,-34.5833,150.8552,86.05,69,90,4.0,AU,2022-01-29 01:04:05,overcast clouds
403,Khurda,20.1833,85.6167,55.31,51,7,4.16,IN,2022-01-29 01:04:05,clear sky
404,Galle,6.0367,80.217,75.07,86,41,5.37,LK,2022-01-29 01:04:05,scattered clouds
405,Poum,-20.2333,164.0167,83.86,71,86,12.53,NC,2022-01-29 01:04:06,overcast clouds
406,Upington,-28.4478,21.2561,82.51,28,5,16.22,ZA,2022-01-29 01:04:06,clear sky
407,Palmira,3.5394,-76.3036,72.88,78,40,9.22,CO,2022-01-29 01:04:06,scattered clouds
408,Pacific Grove,36.6177,-121.9166,65.88,44,0,1.99,US,2022-01-29 01:04:07,clear sky
409,Iramuco,19.95,-100.9167,69.91,43,75,4.61,MX,2022-01-29 01:04:07,broken clouds
410,Hirara,24.8,125.2833,68.27,94,75,1.14,JP,2022-01-29 01:04:07,mist
411,Verkhoyansk,67.5447,133.385,-36.35,100,92,2.95,RU,2022-01-29 01:04:08,overcast clouds
412,Kamyaran,34.7956,46.9355,17.83,94,99,3.44,IR,2022-01-29 01:04:08,overcast clouds
413,Cap Malheureux,-19.9842,57.6142,77.47,83,0,1.99,MU,2022-01-29 01:04:08,clear sky
414,Ituporanga,-27.4144,-49.6025,65.01,98,95,1.92,BR,2022-01-29 01:04:09,overcast clouds
415,Coquimbo,-29.9533,-71.3436,63.86,83,19,7.2,CL,2022-01-29 01:02:29,few clouds
416,Chimbote,-9.0853,-78.5783,70.81,80,99,7.61,PE,2022-01-29 01:05:09,overcast clouds
417,Mugur-Aksy,50.35,90.5,-17.59,73,1,6.31,RU,2022-01-29 01:05:09,clear sky
418,Prado,-17.3411,-39.2208,77.14,87,2,9.08,BR,2022-01-29 01:03:05,clear sky
419,Erzin,36.9559,36.2,36.32,74,28,4.56,TR,2022-01-29 01:05:10,scattered clouds
420,Faya,18.3851,42.4509,52.32,91,37,4.83,SA,2022-01-29 01:05:10,scattered clouds
421,Sessa Aurunca,41.2408,13.9328,47.55,72,67,8.1,IT,2022-01-29 01:05:10,broken clouds
422,Kununurra,-15.7667,128.7333,87.78,70,100,12.66,AU,2022-01-29 01:05:11,overcast clouds
423,Cidreira,-30.1811,-50.2056,70.21,72,14,13.27,BR,2022-01-29 01:05:11,few clouds
424,Liberal,37.0431,-100.921,36.16,40,0,6.93,US,2022-01-29 01:05:11,clear sky
425,Uncia,-18.467,-66.5685,47.01,88,100,8.19,BO,2022-01-29 01:05:12,overcast clouds
426,Mareeba,-17.0,145.4333,83.12,96,100,0.72,AU,2022-01-29 01:05:12,overcast clouds
427,Sitka,57.0531,-135.33,42.69,81,100,14.97,US,2022-01-29 01:05:12,moderate rain
428,Burnie,-41.0667,145.9167,67.95,92,91,8.16,AU,2022-01-29 01:05:13,overcast clouds
429,Birjand,32.8663,59.2211,37.35,27,43,4.0,IR,2022-01-29 01:05:13,scattered clouds
430,Tomatlan,19.9333,-105.25,72.93,66,53,3.78,MX,2022-01-29 01:05:13,broken clouds
431,Burns Lake,54.2331,-125.7533,27.21,96,100,2.48,CA,2022-01-29 01:00:40,overcast clouds
432,Lipin Bor,60.2622,37.9763,16.5,95,100,6.33,RU,2022-01-29 01:05:14,light snow
433,Nhlangano,-27.1167,31.2,62.64,98,100,1.12,SZ,2022-01-29 01:05:14,light rain
434,Kongolo,-5.3833,27.0,70.07,94,100,1.52,CD,2022-01-29 01:02:14,light rain
435,Nioki,-2.7167,17.6833,73.54,73,98,2.13,CD,2022-01-29 01:05:16,overcast clouds
436,Tanout,14.9709,8.8879,58.14,15,0,14.81,NE,2022-01-29 01:05:16,clear sky
437,Acajutla,13.5928,-89.8275,80.8,74,0,7.54,SV,2022-01-29 01:05:16,clear sky
438,Bandiagara,14.3501,-3.6104,71.33,17,5,13.51,ML,2022-01-29 01:05:17,clear sky
439,Waipawa,-41.4122,175.5153,70.43,40,0,7.7,NZ,2022-01-29 01:05:17,clear sky
440,Aginskoye,51.1,114.53,-10.1,95,5,5.91,RU,2022-01-29 01:05:17,clear sky
441,Khilok,51.3674,110.4676,-15.05,99,51,1.88,RU,2022-01-29 01:05:18,broken clouds
442,Piopio,-38.4667,175.0167,82.44,34,4,3.74,NZ,2022-01-29 01:05:18,clear sky
443,Touros,-5.1989,-35.4608,76.1,77,100,5.48,BR,2022-01-29 01:05:18,moderate rain
444,Gushikawa,26.3544,127.8686,64.4,98,0,9.22,JP,2022-01-29 01:05:18,clear sky
445,Bilma,18.6853,12.9164,57.0,20,0,9.4,NE,2022-01-29 01:05:19,clear sky
446,Qasigiannguit,68.8193,-51.1922,21.45,58,100,28.57,GL,2022-01-29 01:05:19,overcast clouds
447,Sao Jose Da Coroa Grande,-8.8978,-35.1478,79.68,76,100,11.23,BR,2022-01-29 01:05:19,overcast clouds
448,Ugoofaaru,5.6667,73.0,82.38,69,84,17.43,MV,2022-01-29 01:05:20,broken clouds
449,Bosaso,11.2842,49.1816,71.55,70,38,5.64,SO,2022-01-29 01:05:20,scattered clouds
450,Asau,46.4333,26.4,34.72,92,91,4.34,RO,2022-01-29 01:05:21,overcast clouds
451,Markova,48.6758,24.4138,25.68,94,100,11.39,UA,2022-01-29 01:05:21,light snow
452,Nuuk,64.1835,-51.7216,20.88,86,100,13.8,GL,2022-01-29 01:05:21,snow
453,Camacupa,-12.0167,17.4833,61.43,98,100,3.49,AO,2022-01-29 01:05:21,light rain
454,Nanortalik,60.1432,-45.2371,27.19,85,100,16.42,GL,2022-01-29 01:05:22,snow
455,Rameshki,57.3439,36.0453,20.62,97,100,3.96,RU,2022-01-29 01:05:22,light snow
456,Businga,3.3333,20.8833,69.98,40,18,1.95,CD,2022-01-29 01:05:22,few clouds
457,Itarantim,-15.6597,-40.0656,71.11,93,51,2.33,BR,2022-01-29 01:05:23,broken clouds
458,Rio Grande,-32.035,-52.0986,69.94,65,12,11.97,BR,2022-01-29 01:01:56,few clouds
459,Shirokiy,49.758,129.523,-15.14,90,10,6.4,RU,2022-01-29 01:05:23,clear sky
460,Olivet,47.8622,1.8991,40.51,97,100,8.05,FR,2022-01-29 01:05:23,mist
461,Abdanan,32.9926,47.4198,37.42,54,100,2.68,IR,2022-01-29 01:05:24,overcast clouds
462,Ocos,14.5094,-92.1933,80.78,71,0,9.73,GT,2022-01-29 01:05:24,clear sky
463,Kalisz,51.7611,18.091,30.96,77,100,10.74,PL,2022-01-29 01:06:24,overcast clouds
464,Ginir,7.1333,40.7,56.79,32,100,4.63,ET,2022-01-29 01:06:25,overcast clouds
465,Marau,-28.4492,-52.2,62.82,90,100,5.88,BR,2022-01-29 01:06:25,overcast clouds
466,Jequie,-13.8575,-40.0836,70.61,98,10,2.13,BR,2022-01-29 01:06:25,clear sky
467,San Cristobal,7.7669,-72.225,73.58,88,8,3.06,VE,2022-01-29 01:06:26,clear sky
468,Green River,41.5286,-109.4662,28.8,67,0,3.78,US,2022-01-29 01:06:19,clear sky
469,Tual,-5.6667,132.75,84.29,71,89,13.18,ID,2022-01-29 01:06:26,overcast clouds
470,Shamkhal,43.0596,47.3373,22.98,80,7,5.12,RU,2022-01-29 01:06:26,clear sky
471,Perg,48.25,14.6333,38.43,88,100,11.48,AT,2022-01-29 01:06:27,overcast clouds
472,Pavlodar,52.3,76.95,-7.8,77,0,6.71,KZ,2022-01-29 01:05:32,clear sky
473,Ukhta,63.5671,53.6835,4.35,95,100,7.36,RU,2022-01-29 01:06:27,overcast clouds
474,Sovetsk,55.0839,21.8785,31.26,71,81,8.86,RU,2022-01-29 01:06:27,broken clouds
475,San Bernardo,-33.6,-70.7167,72.75,66,0,4.12,CL,2022-01-29 01:06:28,clear sky
476,Ust-Omchug,61.15,149.6333,0.25,95,100,9.19,RU,2022-01-29 01:06:28,overcast clouds
477,Praia,14.9215,-23.5087,70.34,64,75,17.27,CV,2022-01-29 01:06:28,broken clouds
478,The Valley,18.217,-63.0578,77.09,68,0,14.58,AI,2022-01-29 01:06:29,clear sky
479,Yagodnoye,62.55,149.6667,-0.45,97,100,4.59,RU,2022-01-29 01:06:29,light snow
480,Husavik,66.0449,-17.3389,24.28,95,100,28.63,IS,2022-01-29 01:06:29,snow
481,Lazaro Cardenas,17.9583,-102.2,77.09,72,0,6.22,MX,2022-01-29 01:05:16,clear sky
482,Safakulevo,54.9901,62.5442,3.07,99,100,3.4,RU,2022-01-29 01:06:30,overcast clouds
483,Ponoka,52.6768,-113.5815,30.92,76,100,6.4,CA,2022-01-29 01:03:26,overcast clouds
484,Severo-Kurilsk,50.6789,156.125,23.49,76,100,28.05,RU,2022-01-29 01:06:30,overcast clouds
485,Nome,64.5011,-165.4064,-4.9,64,0,3.44,US,2022-01-29 01:06:30,clear sky
486,Barquisimeto,10.0739,-69.3228,71.17,81,77,5.73,VE,2022-01-29 01:06:31,broken clouds
487,Kahului,20.8947,-156.47,84.22,51,20,14.97,US,2022-01-29 01:03:14,few clouds
488,Port Blair,11.6667,92.75,80.64,83,75,6.91,IN,2022-01-29 01:06:31,broken clouds
489,Zhicheng,30.2956,111.5047,34.5,96,100,0.47,CN,2022-01-29 01:06:32,light snow
490,Livingston,55.9029,-3.5226,52.12,92,100,20.71,GB,2022-01-29 01:06:32,overcast clouds
491,Anadyr,64.75,177.4833,-4.0,76,100,4.0,RU,2022-01-29 01:06:32,overcast clouds
492,Makakilo City,21.3469,-158.0858,80.35,57,0,5.75,US,2022-01-29 01:06:32,clear sky
493,San Luis,-33.295,-66.3356,70.32,42,0,6.76,AR,2022-01-29 01:06:33,clear sky
494,Santa Rosa,14.3122,121.1114,85.1,78,12,3.18,PH,2022-01-29 01:06:33,few clouds
495,Portree,57.4129,-6.1942,50.52,95,100,24.61,GB,2022-01-29 01:06:33,overcast clouds
496,San Rafael,-34.6177,-68.3301,78.67,41,0,14.65,AR,2022-01-29 01:05:32,clear sky
497,Fort Nelson,58.8053,-122.7002,17.19,86,100,6.91,CA,2022-01-29 01:06:34,light snow
498,Sao Miguel Do Araguaia,-13.275,-50.1628,70.39,94,98,5.01,BR,2022-01-29 01:03:28,overcast clouds
499,Arman,59.7,150.1667,10.74,77,100,14.63,RU,2022-01-29 01:06:34,overcast clouds
500,Iquitos,-3.7481,-73.2472,78.84,94,20,0.0,PE,2022-01-29 01:06:35,few clouds
501,Maningrida,-12.0667,134.2667,84.25,76,100,12.97,AU,2022-01-29 01:06:35,overcast clouds
502,Cayenne,4.9333,-52.3333,75.09,90,75,1.01,GF,2022-01-29 01:06:35,broken clouds
503,Halifax,44.6453,-63.5724,37.22,94,100,1.01,CA,2022-01-29 01:03:04,overcast clouds
504,Saint-Joseph,-21.3667,55.6167,73.78,70,0,5.57,RE,2022-01-29 01:06:36,clear sky
505,Balakhninskiy,58.0106,114.2769,-29.4,100,100,1.63,RU,2022-01-29 01:06:36,overcast clouds
506,Rock Springs,41.5875,-109.2029,27.84,39,0,13.8,US,2022-01-29 01:05:46,clear sky
507,Coahuayana,18.7333,-103.6833,80.08,77,6,2.46,MX,2022-01-29 01:07:36,clear sky
508,Bonnyville,54.2668,-110.735,31.55,76,92,10.45,CA,2022-01-29 01:07:37,overcast clouds
509,Sakakah,29.9697,40.2064,43.03,58,93,4.99,SA,2022-01-29 01:07:37,overcast clouds
510,Kupang,-10.1667,123.5833,81.18,89,75,14.97,ID,2022-01-29 01:07:37,broken clouds
511,La Asuncion,11.0333,-63.8628,75.02,84,6,10.38,VE,2022-01-29 01:07:38,clear sky
512,Malatya,38.5,38.0,8.65,79,75,3.44,TR,2022-01-29 01:07:38,broken clouds
513,Longyearbyen,78.2186,15.6401,6.64,85,0,17.27,SJ,2022-01-29 01:07:38,clear sky
514,Ardakan,32.31,54.0175,38.75,31,78,2.19,IR,2022-01-29 01:07:17,broken clouds
515,Punta Alta,-38.8759,-62.0736,78.21,40,0,15.46,AR,2022-01-29 01:07:39,clear sky
516,Budureasa,46.6667,22.5,25.21,97,99,2.98,RO,2022-01-29 01:07:39,light snow
517,Seoul,37.5683,126.9778,25.99,29,12,6.46,KR,2022-01-29 01:02:44,few clouds
518,Moerai,-22.4333,-151.3333,80.44,76,8,13.62,PF,2022-01-29 01:07:40,clear sky
519,Valparaiso,-33.0393,-71.6273,67.48,63,0,6.91,CL,2022-01-29 01:07:40,clear sky
520,Hirna,9.2167,41.1,55.58,54,100,1.95,ET,2022-01-29 01:07:40,overcast clouds
521,Montague,42.5356,-72.5351,29.84,76,100,3.67,US,2022-01-29 01:07:41,overcast clouds
522,Gobabis,-22.45,18.9667,71.55,60,2,2.28,NA,2022-01-29 01:07:41,clear sky
523,Te Anau,-45.4167,167.7167,71.49,38,95,6.91,NZ,2022-01-29 01:07:41,moderate rain
524,Tucuman,-26.8241,-65.2226,66.2,94,0,5.75,AR,2022-01-29 01:07:41,clear sky
525,Smidovich,48.6,133.8167,-13.63,93,85,2.86,RU,2022-01-29 01:07:42,overcast clouds
526,Timberlake,37.3207,-79.2575,35.65,94,100,5.75,US,2022-01-29 01:07:42,light snow
527,Pimentel,-6.8367,-79.9342,70.66,80,100,12.5,PE,2022-01-29 01:07:42,overcast clouds
528,Sungaipenuh,-2.0833,101.3833,68.2,88,100,2.46,ID,2022-01-29 01:07:43,light rain
529,Paamiut,61.994,-49.6678,23.16,91,100,23.73,GL,2022-01-29 01:07:43,snow
530,Mortka,59.3322,66.0214,-3.73,99,56,4.29,RU,2022-01-29 01:07:44,broken clouds
531,Cruzeiro Do Sul,-29.5128,-51.9853,71.53,73,48,5.1,BR,2022-01-29 01:07:44,scattered clouds
532,Srivardhan,18.0333,73.0167,69.12,47,100,7.54,IN,2022-01-29 01:07:44,overcast clouds
533,Rabo De Peixe,37.8,-25.5833,58.51,95,20,8.05,PT,2022-01-29 01:07:45,few clouds
534,Karasburg,-28.0167,18.75,76.78,27,100,2.55,NA,2022-01-29 01:07:45,overcast clouds
535,Karpogory,64.0019,44.4451,13.98,95,95,5.93,RU,2022-01-29 01:07:45,overcast clouds
536,Goundam,16.4145,-3.6708,68.88,17,0,10.87,ML,2022-01-29 01:07:46,clear sky
537,Sioux Lookout,50.1001,-91.917,-13.92,100,72,1.77,CA,2022-01-29 01:07:46,broken clouds
538,Yeniseysk,58.4497,92.1703,-1.55,98,100,3.98,RU,2022-01-29 01:07:46,overcast clouds
539,Benghazi,32.1167,20.0667,58.05,61,97,16.49,LY,2022-01-29 01:07:46,overcast clouds
540,Rio Gallegos,-51.6226,-69.2181,59.05,67,75,23.02,AR,2022-01-29 01:07:47,broken clouds
541,Kananga,-5.8958,22.4178,68.83,98,100,2.66,CD,2022-01-29 01:07:47,light rain
542,Weatherford,32.7593,-97.7972,49.86,38,0,1.99,US,2022-01-29 01:04:30,clear sky
543,Uppsala,60.0,17.75,31.78,65,95,12.66,SE,2022-01-29 01:07:48,overcast clouds
544,Nambucca Heads,-30.65,153.0,82.17,73,39,6.06,AU,2022-01-29 01:07:48,scattered clouds
545,Bridlington,54.0831,-0.1919,51.69,87,14,25.37,GB,2022-01-29 01:06:53,few clouds
546,Kibre Mengist,5.8833,38.9833,53.28,45,100,3.87,ET,2022-01-29 01:07:48,overcast clouds
547,Yamada,39.4667,141.95,34.59,39,1,7.23,JP,2022-01-29 01:07:48,clear sky
548,Sorland,67.667,12.6934,33.17,72,100,29.59,NO,2022-01-29 01:07:49,overcast clouds
549,Lufilufi,-13.8745,-171.5986,82.85,74,21,18.75,WS,2022-01-29 01:07:49,light rain
550,Phuthaditjhaba,-28.5242,28.8158,55.96,90,81,4.72,ZA,2022-01-29 01:07:49,broken clouds
551,Novobirilyussy,56.9514,90.6661,-2.4,97,97,4.27,RU,2022-01-29 01:07:50,overcast clouds
552,Ohara,35.25,140.3833,46.0,67,100,7.78,JP,2022-01-29 01:07:50,overcast clouds
553,Taltal,-25.4,-70.4833,66.47,79,8,4.63,CL,2022-01-29 01:08:50,clear sky
554,Puerto Escondido,15.85,-97.0667,81.43,65,75,6.91,MX,2022-01-29 01:08:51,broken clouds
555,Antibes,43.5624,7.1278,54.68,56,0,11.5,FR,2022-01-29 01:08:51,clear sky
556,Gort,53.0664,-8.8167,51.55,88,100,19.55,IE,2022-01-29 01:08:51,overcast clouds
557,Ust-Maya,60.4167,134.5333,-30.06,98,100,0.38,RU,2022-01-29 01:08:52,overcast clouds
558,Marsabit,2.3284,37.9899,69.73,44,7,11.59,KE,2022-01-29 01:08:52,clear sky
559,Jorpeland,59.0225,6.0408,47.1,99,100,11.72,NO,2022-01-29 01:08:52,moderate rain
560,Potsdam,52.3989,13.0657,39.49,84,100,3.0,DE,2022-01-29 01:04:37,overcast clouds
561,Luganville,-15.5333,167.1667,80.15,86,100,14.09,VU,2022-01-29 01:08:53,moderate rain
562,Iguape,-24.7081,-47.5553,71.85,91,100,9.69,BR,2022-01-29 01:08:53,overcast clouds
563,Almeria,37.1667,-2.3333,47.77,56,7,6.2,ES,2022-01-29 01:08:54,clear sky
564,Ponta Delgada,37.7333,-25.6667,59.72,77,20,8.05,PT,2022-01-29 01:08:54,few clouds
565,Santa Cruz,-17.8,-63.1667,76.46,78,75,6.91,BO,2022-01-29 01:04:39,broken clouds
566,Kinango,-4.1372,39.3153,73.78,90,100,3.44,KE,2022-01-29 01:08:54,overcast clouds
567,Pangkalanbuun,-2.6833,111.6167,76.8,92,100,1.14,ID,2022-01-29 01:08:55,overcast clouds
568,Menongue,-14.6585,17.691,61.47,95,100,9.86,AO,2022-01-29 01:08:55,light rain
569,Bubaque,11.2833,-15.8333,78.15,65,14,15.12,GW,2022-01-29 01:08:55,few clouds
570,Kuching,1.55,110.3333,77.22,94,20,0.0,MY,2022-01-29 01:08:55,few clouds
571,Boguchany,58.3814,97.4531,-13.58,100,97,2.98,RU,2022-01-29 01:08:56,overcast clouds
572,Cabedelo,-6.9811,-34.8339,74.07,73,100,10.36,BR,2022-01-29 01:08:56,heavy intensity rain
573,Koutsouras,35.0339,25.9469,50.4,60,80,1.43,GR,2022-01-29 01:08:56,broken clouds
574,Tornio,65.8481,24.1466,5.02,98,5,1.79,FI,2022-01-29 01:08:57,clear sky
575,Minab,27.1467,57.0801,67.75,72,72,4.99,IR,2022-01-29 01:08:57,broken clouds
576,Howard Springs,-12.497,131.047,88.88,79,99,14.54,AU,2022-01-29 01:08:57,overcast clouds
577,Teya,60.3778,92.6267,5.05,95,100,5.21,RU,2022-01-29 01:08:58,overcast clouds
578,Bryanka,48.511,38.6722,31.93,97,100,12.68,UA,2022-01-29 01:08:58,light snow
579,Bodden Town,19.2833,-81.25,78.8,78,0,2.3,KY,2022-01-29 01:08:58,clear sky
580,Sydney,-33.8679,151.2073,89.62,62,75,1.01,AU,2022-01-29 01:04:47,broken clouds
581,Luis Correia,-2.8792,-41.6669,75.2,88,100,8.05,BR,2022-01-29 01:08:59,overcast clouds
582,Cullman,34.1748,-86.8436,38.86,55,100,11.5,US,2022-01-29 01:07:26,overcast clouds
583,Umea,63.8284,20.2597,28.9,92,100,1.14,SE,2022-01-29 01:08:59,overcast clouds
584,Dhidhdhoo,6.8833,73.1,81.63,70,49,19.95,MV,2022-01-29 01:08:59,scattered clouds
585,Prince Rupert,54.3161,-130.3201,40.64,93,100,9.15,CA,2022-01-29 01:09:00,overcast clouds
586,Jiexiu,37.0244,111.9125,28.27,55,6,1.32,CN,2022-01-29 01:09:00,clear sky
587,Presidente Olegario,-18.4178,-46.4181,70.2,86,100,0.09,BR,2022-01-29 01:09:00,overcast clouds
588,Barra Do Garcas,-15.89,-52.2567,71.1,97,39,3.71,BR,2022-01-29 01:09:01,scattered clouds
589,Kingsport,36.5484,-82.5618,33.12,80,100,1.99,US,2022-01-29 01:05:14,overcast clouds
590,Mangai,-4.05,19.5333,71.58,83,100,0.65,CD,2022-01-29 01:09:01,overcast clouds
591,Kijang,35.2442,129.2139,36.63,22,100,4.34,KR,2022-01-29 01:09:01,overcast clouds
592,Nizwa,22.9333,57.5333,62.28,55,0,0.78,OM,2022-01-29 01:09:02,clear sky
593,Eregli,37.5133,34.0467,9.1,71,5,3.51,TR,2022-01-29 01:09:02,clear sky
594,Mercedes,-34.6515,-59.4307,68.85,52,0,8.12,AR,2022-01-29 01:09:02,clear sky
595,Muscat,23.6139,58.5922,64.42,53,0,3.8,OM,2022-01-29 01:08:48,clear sky
596,Lowicz,52.1071,19.9453,32.18,83,100,12.73,PL,2022-01-29 01:10:03,overcast clouds
597,Gornopravdinsk,60.05,69.9,-6.41,100,100,3.89,RU,2022-01-29 01:10:03,overcast clouds
598,Pueblo,38.2545,-104.6091,42.51,39,0,0.0,US,2022-01-29 01:07:44,clear sky
599,Masvingo,-20.0637,30.8277,67.42,93,100,3.22,ZW,2022-01-29 01:10:04,moderate rain
600,Acari,-15.4311,-74.6158,71.91,72,33,4.76,PE,2022-01-29 01:10:04,scattered clouds
601,Oranjemund,-28.55,16.4333,63.25,87,2,15.03,NA,2022-01-29 01:10:05,clear sky
602,Hurghada,27.2574,33.8129,54.3,57,0,19.33,EG,2022-01-29 01:10:05,clear sky
603,Khorixas,-20.3667,14.9667,64.98,57,67,2.68,NA,2022-01-29 01:10:05,broken clouds
604,Lobito,-12.3481,13.5456,77.11,84,100,3.49,AO,2022-01-29 01:10:05,overcast clouds
605,Thaton,16.9206,97.3714,70.92,66,25,1.61,MM,2022-01-29 01:10:06,scattered clouds
606,Costinesti,43.95,28.6333,37.02,84,7,17.36,RO,2022-01-29 01:10:06,clear sky
607,Byron Bay,-28.65,153.6167,82.51,69,72,9.31,AU,2022-01-29 01:10:07,broken clouds
608,Haapsalu,58.9431,23.5414,29.01,84,17,5.75,EE,2022-01-29 01:10:07,few clouds
609,Aleksandrov Gay,50.147,48.5704,2.98,100,99,6.08,RU,2022-01-29 01:10:07,overcast clouds
610,San Andres,12.5847,-81.7006,80.62,69,20,6.91,CO,2022-01-29 01:10:05,few clouds
611,Jacareacanga,-6.2222,-57.7528,73.63,98,100,1.54,BR,2022-01-29 01:10:08,light rain
612,Le Port,-20.9373,55.2919,75.2,70,3,1.39,RE,2022-01-29 01:10:08,clear sky
613,Ada,43.4166,-116.1262,24.73,71,0,5.99,US,2022-01-29 01:10:08,clear sky
614,Tiarei,-17.5333,-149.3333,86.02,74,8,17.25,PF,2022-01-29 01:10:09,clear sky
615,Tazovskiy,67.4667,78.7,-0.85,98,99,5.19,RU,2022-01-29 01:10:09,overcast clouds
616,Maarianhamina,60.0973,19.9348,33.66,64,0,11.5,AX,2022-01-29 01:10:09,clear sky
617,Kribi,2.95,9.9167,78.17,83,100,4.47,CM,2022-01-29 01:10:09,overcast clouds
618,Loa Janan,-0.583,117.095,81.48,73,100,2.17,ID,2022-01-29 01:10:10,heavy intensity rain
619,Los Llanos De Aridane,28.6585,-17.9182,55.15,67,0,10.36,ES,2022-01-29 01:10:11,clear sky
620,Saint Anthony,45.0205,-93.218,10.6,65,0,4.0,US,2022-01-29 01:07:55,clear sky
621,Elliot Lake,46.3834,-82.6331,-2.11,93,10,1.61,CA,2022-01-29 01:07:42,clear sky
622,Misheronskiy,55.7193,39.7383,17.19,95,100,6.58,RU,2022-01-29 01:10:11,snow
623,Mecca,21.4267,39.8261,63.01,51,0,6.31,SA,2022-01-29 01:10:11,clear sky
624,Macau,22.2006,113.5461,65.93,82,40,10.36,MO,2022-01-29 01:08:02,scattered clouds
625,Thap Than,15.4606,99.8917,78.71,44,13,2.21,TH,2022-01-29 01:10:12,few clouds
626,Gombong,-7.6072,109.5142,80.22,79,83,1.01,ID,2022-01-29 01:10:12,broken clouds
627,Kingaroy,-26.5333,151.8333,81.73,49,58,10.98,AU,2022-01-29 01:08:51,broken clouds
628,Acarau,-2.8856,-40.12,74.43,80,100,6.93,BR,2022-01-29 01:10:13,overcast clouds
629,Celestun,20.8667,-90.4,73.4,76,17,17.98,MX,2022-01-29 01:10:13,few clouds
630,Kindu,-2.95,25.95,71.1,95,100,1.63,CD,2022-01-29 01:10:13,overcast clouds
631,Bronnoysund,65.4625,12.1997,35.6,87,100,21.85,NO,2022-01-29 01:10:13,snow
632,Kudahuvadhoo,2.6708,72.8944,79.95,64,21,9.82,MV,2022-01-29 01:10:14,few clouds
633,Nhulunbuy,-12.2333,136.7667,86.61,79,40,6.91,AU,2022-01-29 01:10:14,moderate rain
634,Bojnurd,37.4747,57.329,29.71,73,3,6.76,IR,2022-01-29 01:07:34,clear sky
635,Tiznit,29.5833,-9.5,55.15,40,0,29.06,MA,2022-01-29 01:10:15,clear sky
636,Ardahan,41.1087,42.7022,-6.88,99,74,1.45,TR,2022-01-29 01:11:15,broken clouds
637,Riyadh,24.6877,46.7219,48.34,35,0,5.39,SA,2022-01-29 01:07:06,clear sky
638,Sonoita,31.85,-112.8333,66.52,18,100,8.97,MX,2022-01-29 01:11:15,overcast clouds
639,Warrnambool,-38.3833,142.4833,69.82,75,100,12.55,AU,2022-01-29 01:11:16,overcast clouds
640,Sfantu Gheorghe,45.8667,25.7833,33.66,93,100,12.41,RO,2022-01-29 01:11:16,light snow
641,Talara,-4.5772,-81.2719,71.64,85,100,4.92,PE,2022-01-29 01:11:16,overcast clouds
642,Velsk,61.0701,42.0983,13.93,95,100,6.62,RU,2022-01-29 01:11:17,light snow
643,Gorom-Gorom,14.4439,-0.2361,69.76,20,1,10.4,BF,2022-01-29 01:11:17,clear sky
644,Palora,-1.7,-77.9333,67.48,96,100,2.21,EC,2022-01-29 01:11:17,overcast clouds
645,Delta Del Tigre,-34.7633,-56.3853,69.91,80,0,3.0,UY,2022-01-29 01:11:17,clear sky
646,Listvyanka,51.8535,104.8693,-3.35,99,68,2.71,RU,2022-01-29 01:11:18,broken clouds
647,Perth,-31.9333,115.8333,89.02,37,0,13.8,AU,2022-01-29 01:11:18,clear sky
648,Sri Aman,1.2376,111.4621,77.38,85,100,0.43,MY,2022-01-29 01:11:18,overcast clouds
649,Yatou,37.15,122.3833,32.95,48,15,9.08,CN,2022-01-29 01:11:19,few clouds
650,Qaqortoq,60.7167,-46.0333,19.9,92,100,7.96,GL,2022-01-29 01:11:19,snow
651,Peniche,39.3558,-9.3811,53.1,47,0,11.36,PT,2022-01-29 01:09:05,clear sky
652,Sanchursk,56.9413,47.2499,16.3,96,97,7.85,RU,2022-01-29 01:11:20,overcast clouds
653,Denpasar,-8.65,115.2167,83.86,79,20,10.36,ID,2022-01-29 01:08:01,few clouds
654,Hirado,33.3597,129.5531,48.38,49,93,9.71,JP,2022-01-29 01:11:20,overcast clouds
655,Vaitape,-16.5167,-151.75,81.39,73,7,15.84,PF,2022-01-29 01:11:20,light rain
656,Takoradi,4.8845,-1.7554,78.96,83,23,4.99,GH,2022-01-29 01:11:21,few clouds
